,Country,Region,Happiness Score,Economy (GDP per Capita),Family (Social Support),Health (Life Expectancy),Year
0,Switzerland,Western Europe,95.20586576,74.64911348,82.08698297,82.50920245,2015
1,Iceland,Western Europe,94.71705208,69.61427664,85.29379562,83.07099036,2015
2,Denmark,Western Europe,94.07783418,70.85227241,82.76034063,76.65556529,2015
3,Norway,Western Europe,93.98383155,77.98945698,80.9580292,77.58194566,2015
4,Canada,North America,92.19778154,70.89557019,80.45072993,79.37160386,2015
5,Finland,Western Europe,91.80297048,68.96908627,80.18613139,77.9237511,2015
6,Netherlands,Western Europe,91.27655574,71.06395044,77.86922141,78.25065732,2015
7,Sweden,Western Europe,91.01334837,71.18529113,78.41058394,79.83085013,2015
8,New Zealand,Australia and New Zealand,89.54690731,66.82718255,80.27189781,79.61174408,2015
9,Australia,Australia and New Zealand,89.50930626,71.2852502,79.63686131,81.64417178,2015
10,Israel,Middle East and Northern Africa,89.3965031,65.67204055,74.44829684,80.09377739,2015
11,Costa Rica,Latin America and Caribbean,88.41887573,51.09031062,75.29683698,75.39614373,2015
12,Austria,Western Europe,87.93006204,71.48035748,78.89537713,78.03856266,2015
13,Mexico,Latin America and Caribbean,87.6856552,54.55199481,55.62712895,71.37949167,2015
14,United States,North America,86.4072194,74.54220539,75.85827251,75.52936021,2015
15,Brazil,Latin America and Caribbean,83.85034781,52.4512507,74.99209246,61.08851884,2015
16,Luxembourg,Western Europe,83.15472833,83.59732123,74.18673966,80.53812445,2015
17,Ireland,Western Europe,83.04192517,71.41247084,83.30170316,78.46888694,2015
18,Belgium,Western Europe,82.98552359,69.90827391,78.20316302,78.58632778,2015
19,United Arab Emirates,Middle East and Northern Africa,82.30870464,76.29336002,68.47627737,70.92462752,2015
20,United Kingdom,Western Europe,81.66948675,67.69260359,78.19221411,79.70464505,2015
21,Oman,Middle East and Northern Africa,81.40627938,72.70338611,65.80413625,66.85013146,2015
22,Venezuela,Latin America and Caribbean,80.59785674,55.81885577,76.39659367,63.14811569,2015
23,Singapore,Southeastern Asia,80.37225042,81.34957848,62.04379562,89.85539001,2015
24,Panama,Latin America and Caribbean,80.14664411,56.84998436,72.90145985,69.81682734,2015
25,Germany,Western Europe,79.46982516,70.98270029,79.03710462,78.16476775,2015
26,Chile,Latin America and Caribbean,77.96578304,59.18164997,68.39841849,75.24715162,2015
27,Qatar,Middle East and Northern Africa,76.85655198,90.35979292,65.60827251,69.87992989,2015
28,France,Western Europe,76.17973303,68.30251429,76.66545012,82.8913234,2015
29,Argentina,Latin America and Caribbean,76.16093251,56.3143748,75.92639903,68.99474145,2015
30,Czech Republic,Central and Eastern Europe,74.86369618,63.02125428,73.38381995,74.04294479,2015
31,Uruguay,Latin America and Caribbean,74.48768566,56.75002529,73.53406326,71.1305872,2015
32,Colombia,Latin America and Caribbean,74.33728144,49.10342363,75.43673966,60.54075372,2015
33,Thailand,Southeastern Asia,73.92366986,51.68471964,76.94890511,64.72392638,2015
34,Saudi Arabia,Middle East and Northern Africa,73.0964467,74.59031403,65.93248175,63.12445223,2015
35,Spain,Western Europe,71.55480353,65.75435979,79.91423358,83.75284838,2015
36,Malta,Western Europe,71.04718932,64.54041834,79.19890511,77.7572305,2015
37,Taiwan,Eastern Asia,70.97198722,69.00810773,65.46046229,76.71340929,2015
38,Kuwait,Middle East and Northern Africa,70.91558564,83.0793515,70.92092457,63.53374233,2015
39,Suriname,Latin America and Caribbean,70.42677195,53.20495279,59.12408759,53.30411919,2015
40,Trinidad and Tobago,Latin America and Caribbean,68.52791878,64.77721978,71.99148418,53.88518843,2015
41,El Salvador,Latin America and Caribbean,67.81349878,40.86775836,62.35218978,59.36634531,2015
42,Guatemala,Latin America and Caribbean,67.68189509,39.85159689,63.47688564,56.4636284,2015
43,Uzbekistan,Central and Eastern Europe,65.42583192,33.80647853,81.53467153,52.38562664,2015
44,Slovakia,Central and Eastern Europe,65.27542771,62.48297201,77.25,69.15162138,2015
45,Japan,Eastern Asia,65.1250235,67.92619779,76.46715328,86.86327783,2015
46,South Korea,Eastern Asia,65.06862192,66.52944349,58.256691,84.60823839,2015
47,Ecuador,Latin America and Caribbean,64.89941718,46.18536712,60.76824818,69.30324277,2015
48,Bahrain,Middle East and Northern Africa,64.61740929,70.76033145,73.98053528,65.48290973,2015
49,Italy,Western Europe,64.39180297,66.87849843,72.85705596,83.65118317,2015
50,Bolivia,Latin America and Caribbean,63.30137244,36.41984697,59.51399027,47.25679229,2015
51,Moldova,Central and Eastern Europe,63.28257191,31.77736284,61.756691,54.18580193,2015
52,Paraguay,Latin America and Caribbean,63.07576612,40.61705887,79.36557178,57.92988606,2015
53,Kazakhstan,Central and Eastern Europe,62.64335401,60.00430778,68.27311436,56.41367222,2015
54,Slovenia,Central and Eastern Europe,62.51175033,63.34197857,77.48479319,76.54425942,2015
55,Lithuania,Central and Eastern Europe,62.22974243,61.32408824,76.48722628,64.09114812,2015
56,Nicaragua,Latin America and Caribbean,62.1357398,31.71161436,69.45498783,65.1305872,2015
57,Peru,Latin America and Caribbean,62.0605377,48.11880006,59.28163017,63.99386503,2015
58,Belarus,Central and Eastern Europe,61.8537319,55.16030189,74.993309,64.51183173,2015
59,Poland,Central and Eastern Europe,61.44012032,60.16520446,77.82725061,68.27607362,2015
60,Malaysia,Southeastern Asia,61.04530927,60.12832117,65.09914842,63.44785276,2015
61,Croatia,Central and Eastern Europe,60.83850348,57.86614583,48.43309002,69.06660824,2015
62,Libya,Middle East and Northern Africa,60.74450085,60.48058335,68.04257908,61.68273444,2015
63,Russia,Central and Eastern Europe,60.03008084,60.81146391,75.19282238,58.65556529,2015
64,Jamaica,Latin America and Caribbean,59.89847716,43.31809195,70.013382,60.2462752,2015
65,North Cyprus,Western Europe,59.63526979,64.57569802,65.09002433,80.94303243,2015
66,Cyprus,Western Europe,59.52246663,64.5794398,54.3296837,80.94303243,2015
67,Algeria,Middle East and Northern Africa,57.94322241,50.20885336,65.55474453,54.13321648,2015
68,Kosovo,Central and Eastern Europe,57.64241399,42.84235091,49.39051095,55.33041192,2015
69,Turkmenistan,Central and Eastern Europe,56.8715924,51.23410201,74.61557178,47.22699387,2015
70,Mauritius,Sub-Saharan Africa,55.53675503,53.86083396,59.92761557,62.18229623,2015
71,Hong Kong,Eastern Asia,55.48035345,74.0894496,64.36618005,88.80631025,2015
72,Estonia,Central and Eastern Europe,54.63432976,61.565166,74.69038929,67.80105171,2015
73,Indonesia,Southeastern Asia,54.07031397,44.27438488,66.12408759,55.90972831,2015
74,Vietnam,Southeastern Asia,53.33709344,33.7915114,55.49026764,65.44785276,2015
75,Turkey,Middle East and Northern Africa,52.8106787,56.71367654,57.5620438,64.12971078,2015
76,Kyrgyzstan,Central and Eastern Europe,51.94585448,25.3521862,70.02128954,57.04469763,2015
77,Nigeria,Sub-Saharan Africa,51.60744501,34.97765674,55.00729927,14.028922,2015
78,Bhutan,Southern Asia,51.32543711,41.18206816,67.15024331,50.31288344,2015
79,Azerbaijan,Central and Eastern Europe,50.55461553,54.73106588,57.05170316,56.1305872,2015
80,Pakistan,Southern Asia,50.21620605,31.82814419,25.18917275,45.10604733,2015
81,Jordan,Middle East and Northern Africa,50.178605,48.2144828,64.10705596,61.03330412,2015
82,Montenegro,Central and Eastern Europe,50.178605,52.08455593,55.08333333,63.55915863,2015
83,China,Eastern Asia,49.20097763,47.58051779,57.58819951,71.56704645,2015
84,Zambia,Sub-Saharan Africa,48.99417184,25.14371541,55.72506083,26.22611744,2015
85,Romania,Central and Eastern Europe,48.9001692,55.77662707,53.88564477,67.38825592,2015
86,Serbia,Central and Eastern Europe,48.88136868,49.20605541,61.4136253,65.58808063,2015
87,Portugal,Western Europe,48.48655762,62.00188557,69.30352798,76.70376862,2015
88,Latvia,Central and Eastern Europe,48.41135552,59.50077064,66.64355231,63.485539,2015
89,Philippines,Southeastern Asia,47.94134236,37.7022096,62.96593674,50.93251534,2015
90,Somaliland region,Sub-Saharan Africa,47.64053393,10.07448455,57.8783455,38.45135846,2015
91,Morocco,Middle East and Northern Africa,46.81331077,39.27750041,38.98722628,53.42156004,2015
92,Macedonia,Central and Eastern Europe,46.70050761,49.09807823,60.96836983,64.456617,2015
93,Mozambique,Sub-Saharan Africa,46.02368866,4.440962362,62.42457421,8.002629273,2015
94,Albania,Central and Eastern Europe,45.79808235,46.96846893,48.92579075,71.2751972,2015
95,Bosnia and Herzegovina,Central and Eastern Europe,45.61007708,44.48606291,55.90997567,69.30850131,2015
96,Lesotho,Sub-Saharan Africa,44.65125024,20.06932257,63.3229927,6.671340929,2015
97,Dominican Republic,Latin America and Caribbean,44.40684339,47.86115154,71.29075426,58.56704645,2015
98,Laos,Southeastern Asia,44.23763865,31.57316838,44.89233577,48.12357581,2015
99,Mongolia,Eastern Asia,44.2000376,44.27010855,79.11192214,52.82033304,2015
100,Swaziland,Sub-Saharan Africa,44.06843392,38.06248988,65.25790754,6.631025416,2015
101,Greece,Western Europe,43.88042865,61.68917939,56.52858881,77.31200701,2015
102,Lebanon,Middle East and Northern Africa,43.54201918,54.82461046,48.66240876,73.57318142,2015
103,Hungary,Central and Eastern Europe,42.80879865,59.9187813,73.12347932,66.52497809,2015
104,Honduras,Latin America and Caribbean,42.58319233,31.82226424,57.99756691,60.9202454,2015
105,Tajikistan,Central and Eastern Europe,42.54559128,20.87220238,52.04562044,50.28834356,2015
106,Tunisia,Middle East and Northern Africa,41.66196654,47.09996589,36.75729927,64.6739702,2015
107,Palestinian Territories,Middle East and Northern Africa,41.2107539,32.00133531,56.30048662,57.85714286,2015
108,Bangladesh,Southern Asia,40.81594285,21.24958796,26.22019465,52.72918493,2015
109,Iran,Middle East and Northern Africa,40.66553864,53.92444428,33.11861314,61.17879053,2015
110,Ukraine,Central and Eastern Europe,40.571536,42.71352666,73.16180049,59.06222612,2015
111,Iraq,Middle East and Northern Africa,40.4963339,52.67843041,49.81082725,52.79316389,2015
112,South Africa,Sub-Saharan Africa,39.83831547,49.20391724,72.06082725,24.26643295,2015
113,Ghana,Sub-Saharan Africa,39.66911074,29.16345986,41.33454988,35.17265557,2015
114,Zimbabwe,Sub-Saharan Africa,39.23669863,14.48604719,62.81995134,29.33829974,2015
115,Liberia,Sub-Saharan Africa,38.5034781,3.805928264,48.03406326,29.9745837,2015
116,India,Southern Asia,38.39067494,34.47732684,23.22019465,45.16126205,2015
117,Sudan,Sub-Saharan Africa,38.10866704,27.85330113,61.68126521,32.32077125,2015
118,Haiti,Latin America and Caribbean,37.5070502,14.2577984,45.19586375,34.04645048,2015
119,Congo (Kinshasa),Sub-Saharan Africa,37.48824967,0,60.90024331,8.5942156,2015
120,Nepal,Southern Asia,37.43184809,19.24185389,52.58454988,49.84574934,2015
121,Ethiopia,Sub-Saharan Africa,37.39424704,10.1952907,36.743309,38.61086766,2015
122,Sierra Leone,Sub-Saharan Africa,37.30024441,17.65266503,58.13321168,0,2015
123,Mauritania,Sub-Saharan Africa,35.96540703,24.27187987,52.86374696,31.44084137,2015
124,Kenya,Sub-Saharan Africa,35.64579808,19.49522608,60.75182482,36.31463628,2015
125,Djibouti,Sub-Saharan Africa,34.70577176,23.53314492,36.01399027,31.80631025,2015
126,Armenia,Central and Eastern Europe,34.34856176,41.06393472,47.26946472,63.97020158,2015
127,Botswana,Sub-Saharan Africa,34.01015228,53.10927004,67.19221411,4.185801928,2015
128,Myanmar,Southeastern Asia,33.54013912,14.49032351,43.12956204,42.28396144,2015
129,Georgia,Central and Eastern Europe,33.35213386,39.6575587,23.45620438,63.91411043,2015
130,Malawi,Sub-Saharan Africa,33.25813123,0.85740294,25.02068127,19.77388256,2015
131,Sri Lanka,Southern Asia,32.86332017,44.6469596,61.98600973,62.05609115,2015
132,Cameroon,Sub-Saharan Africa,32.50611017,22.58433556,53.99452555,20.51007888,2015
133,Bulgaria,Central and Eastern Europe,31.86689227,54.10404988,67.28345499,67.17703769,2015
134,Egypt,Middle East and Northern Africa,31.41567964,47.1357801,45.4379562,54.08588957,2015
135,Yemen,Middle East and Northern Africa,29.21601805,29.21210305,41.41909976,35.11305872,2015
136,Angola,Sub-Saharan Africa,28.38879489,40.50640899,52.33576642,14.62138475,2015
137,Mali,Sub-Saharan Africa,27.67437488,13.93760865,62.97201946,18.03943909,2015
138,Congo (Brazzaville),Sub-Saharan Africa,27.56157172,36.27712466,40.32238443,27.2138475,2015
139,Comoros,Sub-Saharan Africa,26.94115435,12.77872487,48.21958637,31.82734443,2015
140,Uganda,Sub-Saharan Africa,26.47114119,11.27987335,68.91666667,29.67659947,2015
141,Senegal,Sub-Saharan Africa,25.96352698,19.50965868,59.37895377,38.1595092,2015
142,Gabon,Sub-Saharan Africa,25.81312277,56.67412054,55.06569343,38.01226994,2015
143,Niger,Sub-Saharan Africa,24.85429592,3.709710977,46.99817518,26.03593339,2015
144,Cambodia,Southeastern Asia,24.36548223,24.60917492,38.16058394,53.56178791,2015
145,Tanzania,Sub-Saharan Africa,23.65106223,15.24509468,60.99026764,33.49255039,2015
146,Madagascar,Sub-Saharan Africa,21.77100959,11.13127109,40.63321168,40.94741455,2015
147,Central African Republic,Sub-Saharan Africa,21.71460801,4.196142819,0,5.871165644,2015
148,Chad,Sub-Saharan Africa,21.50780222,18.27754286,46.26642336,13.15512708,2015
149,Guinea,Sub-Saharan Africa,21.30099643,9.310091654,28.26946472,21.04206836,2015
150,Ivory Coast,Sub-Saharan Africa,21.2821959,24.874307,46.90693431,13.30850131,2015
151,Burkina Faso,Sub-Saharan Africa,20.00376011,13.79755904,51.81751825,23.77300613,2015
152,Afghanistan,Southern Asia,19.77815379,17.09567384,18.42153285,26.58632778,2015
153,Rwanda,Sub-Saharan Africa,17.71009588,11.87107512,47.0620438,37.56704645,2015
154,Benin,Sub-Saharan Africa,15.36003008,15.32260305,21.5243309,27.96669588,2015
155,Syria,Middle East and Northern Africa,9.080654258,35.45072507,28.88625304,63.2716915,2015
156,Burundi,Sub-Saharan Africa,7.18180109,0.817846944,25.29622871,19.62839614,2015
157,Togo,Sub-Saharan Africa,5.940966347,11.15479087,8.512773723,24.92813322,2015
158,Denmark,Western Europe,94.05903365,77.06897827,70.78710462,69.67922875,2016
159,Switzerland,Western Europe,93.7394247,81.64197213,69.66180049,75.63803681,2016
160,Iceland,Western Europe,93.58902049,76.26075305,71.97445255,76.01489921,2016
161,Norway,Western Europe,93.53261891,84.32055451,68.54622871,69.74496056,2016
162,Finland,Western Europe,91.93457417,75.15532333,69.01703163,71.07011394,2016
163,Canada,North America,91.76536943,76.98184817,66.67274939,72.53286591,2016
164,Netherlands,Western Europe,90.54333521,78.29307598,62.59854015,71.19281332,2016
165,New Zealand,Australia and New Zealand,90.44933258,72.73278584,71.33698297,72.82734443,2016
166,Australia,Australia and New Zealand,90.05452153,77.2106315,67.19951338,74.60122699,2016
167,Sweden,Western Europe,89.64090995,77.60512238,66.15815085,72.84925504,2016
168,Israel,Middle East and Northern Africa,89.18969731,71.50334272,60.54562044,74.42331288,2016
169,Austria,Western Europe,86.4072194,77.52868309,65.92639903,70.60911481,2016
170,United States,North America,86.12521151,80.60656721,63.73600973,68.27344435,2016
171,Costa Rica,Latin America and Caribbean,85.80560256,57.13115266,62.13625304,66.73619632,2016
172,Puerto Rico,Latin America and Caribbean,84.90317729,72.66703736,65.76216545,68.14899211,2016
173,Germany,Western Europe,84.0571536,77.39451342,66.77250608,71.41717791,2016
174,Brazil,Latin America and Caribbean,83.26753149,58.13341607,63.22262774,53.82559159,2016
175,Belgium,Western Europe,82.83511938,76.19286641,64.02007299,71.83085013,2016
176,Ireland,Western Europe,82.4215078,79.29427031,70.65510949,71.38913234,2016
177,Luxembourg,Western Europe,81.74468885,90.73931667,63.25973236,74.09465381,2016
178,Mexico,Latin America and Caribbean,79.99623989,59.60554057,43.46715328,62.3514461,2016
179,Singapore,Southeastern Asia,79.26301936,87.96130976,52.77250608,83.01402279,2016
180,United Kingdom,Western Europe,78.99981199,74.98694307,66.10218978,70.98247152,2016
181,Chile,Latin America and Caribbean,78.62380147,65.037541,55.10158151,71.76424189,2016
182,Panama,Latin America and Caribbean,78.54859936,63.2393468,60.16545012,62.08150745,2016
183,Argentina,Latin America and Caribbean,77.58977251,61.545388,64.84914842,61.09640666,2016
184,Czech Republic,Central and Eastern Europe,76.57454409,69.97936779,61.30961071,66.93777388,2016
185,United Arab Emirates,Middle East and Northern Africa,76.14213198,84.11101464,52.98905109,63.97283085,2016
186,Uruguay,Latin America and Caribbean,75.61571724,63.15970027,62.73905109,63.26292726,2016
187,Malta,Western Europe,74.54408723,69.90827391,66.8363747,70.39000876,2016
188,Colombia,Latin America and Caribbean,74.41248355,55.07477541,62.14659367,52.28659071,2016
189,France,Western Europe,74.35608197,74.56198339,61.13625304,73.43996494,2016
190,Thailand,Southeastern Asia,74.28087986,58.2274952,63.55048662,56.89307625,2016
191,Saudi Arabia,Middle East and Northern Africa,72.49482986,79.62140909,51.59914842,51.94303243,2016
192,Taiwan,Eastern Asia,72.49482986,74.69080764,56.3406326,69.73269062,2016
193,Qatar,Middle East and Northern Africa,72.41962775,97.51461734,53.50608273,62.85977213,2016
194,Spain,Western Europe,72.15642038,71.76366394,68.7013382,77.03418054,2016
195,Algeria,Middle East and Northern Africa,72.04361722,56.26893886,50.67457421,54.1665206,2016
196,Guatemala,Latin America and Caribbean,71.4608009,44.60954176,52.99209246,47.36108677,2016
197,Suriname,Latin America and Caribbean,70.42677195,58.63160781,47.36374696,44.63891323,2016
198,Kuwait,Middle East and Northern Africa,69.86275616,86.44268024,53.38077859,55.71340929,2016
199,Bahrain,Middle East and Northern Africa,69.4679451,76.98665903,57.41909976,57.57756354,2016
200,Trinidad and Tobago,Latin America and Caribbean,68.52791878,70.86510138,59.95681265,46.10692375,2016
201,Venezuela,Latin America and Caribbean,66.94867456,60.59925134,62.83576642,54.25416301,2016
202,Slovakia,Central and Eastern Europe,66.8358714,68.40674968,65.85644769,61.67134093,2016
203,El Salvador,Latin America and Caribbean,66.64786614,46.70280231,49.25486618,52.23488168,2016
204,Malaysia,Southeastern Asia,65.46343298,66.89346557,53.54318735,54.65907099,2016
205,Nicaragua,Latin America and Caribbean,65.21902613,37.08855712,54.45316302,57.15425066,2016
206,Uzbekistan,Central and Eastern Europe,65.1250235,39.33736894,71.05231144,43.96406661,2016
207,Italy,Western Europe,64.93701824,72.42756322,63.36192214,74.58545136,2016
208,Ecuador,Latin America and Caribbean,64.91821771,52.01399658,52.29562044,60.1340929,2016
209,Belize,Latin America and Caribbean,64.54220718,46.83429927,41.76094891,39.93777388,2016
210,Japan,Eastern Asia,63.88418876,73.77032892,64.50973236,80.1849255,2016
211,Kazakhstan,Central and Eastern Europe,63.8465877,65.71801104,58.11678832,50.29447853,2016
212,Moldova,Central and Eastern Europe,63.43297612,36.97790724,50.56690998,45.84487292,2016
213,Russia,Central and Eastern Europe,62.66215454,65.87035507,64.02737226,51.70113935,2016
214,Poland,Central and Eastern Europe,62.26734349,66.59572651,63.6770073,60.52410167,2016
215,South Korea,Eastern Asia,62.26734349,72.66971006,43.9136253,77.69062226,2016
216,Bolivia,Latin America and Caribbean,62.02293664,42.45427452,50.96046229,41.16564417,2016
217,Lithuania,Central and Eastern Europe,61.8537319,67.84387855,64.72688564,56.68185802,2016
218,Belarus,Central and Eastern Europe,61.64692611,60.43621649,63.86435523,55.30587204,2016
219,North Cyprus,Western Europe,61.0641098,70.10017394,49.77250608,73.74408414,2016
220,Slovenia,Central and Eastern Europe,61.00770822,69.4619326,64.24148418,69.36985101,2016
221,Peru,Latin America and Caribbean,60.53769506,53.24130154,49.42518248,55.20946538,2016
222,Turkmenistan,Central and Eastern Europe,58.93965031,57.73945973,63.14902676,38.56792287,2016
223,Mauritius,Sub-Saharan Africa,58.75164505,61.13646453,46.04318735,58.00964067,2016
224,Libya,Middle East and Northern Africa,58.13122767,57.02905543,57.83211679,45.8404908,2016
225,Latvia,Central and Eastern Europe,57.09719872,65.10061677,57.80109489,56.04907975,2016
226,Cyprus,Western Europe,56.83399135,70.48290493,43.00304136,74.39088519,2016
227,Paraguay,Latin America and Caribbean,56.68358714,47.7734869,67.58576642,51.09114812,2016
228,Romania,Central and Eastern Europe,56.49558188,62.52520071,44.28406326,59.24802805,2016
229,Estonia,Central and Eastern Europe,56.28877609,68.40193882,63.96776156,59.68273444,2016
230,Jamaica,Latin America and Caribbean,56.1571724,47.75210528,58.62043796,52.12007011,2016
231,Croatia,Central and Eastern Europe,55.74356082,63.42269419,36.98844282,61.80893953,2016
232,Hong Kong,Eastern Asia,55.17954503,80.7530313,52.93248175,83.50306748,2016
233,Somalia,Sub-Saharan Africa,54.84113555,0,20.44586375,10.04907975,2016
234,Kosovo,Central and Eastern Europe,54.10791502,48.18615216,40.1836983,47.32690622,2016
235,Turkey,Middle East and Northern Africa,53.8823087,62.26969036,53.35583942,56.72042068,2016
236,Indonesia,Southeastern Asia,52.47226922,50.83693843,53.29987835,43.27256792,2016
237,Jordan,Middle East and Northern Africa,52.26546343,53.27925391,52.44282238,53.20946538,2016
238,Azerbaijan,Central and Eastern Europe,52.03985712,60.06791809,46.25425791,47.76862401,2016
239,Philippines,Southeastern Asia,51.8142508,43.41377469,53.45316302,41.22348817,2016
240,China,Eastern Asia,51.1750329,54.94007121,48.28527981,64.47063979,2016
241,Bhutan,Southern Asia,50.25380711,45.58026729,55.25304136,43.60999124,2016
242,Kyrgyzstan,Central and Eastern Europe,50.04700132,29.95778703,58.04987835,48.59684487,2016
243,Serbia,Central and Eastern Europe,49.8965971,55.29126431,49.47019465,56.59947415,2016
244,Bosnia and Herzegovina,Central and Eastern Europe,49.63338973,49.91699425,39.1526764,62.02103418,2016
245,Montenegro,Central and Eastern Europe,49.59578868,57.64377699,45.11739659,55.68185802,2016
246,Dominican Republic,Latin America and Caribbean,49.48298552,54.94381299,60.52068127,50.54250657,2016
247,Morocco,Middle East and Northern Africa,49.40778342,44.93240422,23.47627737,52.12182296,2016
248,Hungary,Central and Eastern Europe,49.29498026,66.35892508,56.66909976,59.25328659,2016
249,Pakistan,Southern Asia,49.05057342,36.78493812,15.89720195,35.32515337,2016
250,Lebanon,Middle East and Northern Africa,48.99417184,60.01179134,39.04136253,66.75810692,2016
251,Portugal,Western Europe,48.88136868,68.21110786,57.40085158,69.55565294,2016
252,Macedonia,Central and Eastern Europe,48.84376763,54.48571179,47.58880779,56.73794917,2016
253,Vietnam,Southeastern Asia,47.71573604,39.575774,48.12469586,57.98159509,2016
254,Somaliland Region,Sub-Saharan Africa,47.64053393,13.66178575,46.14476886,29.01665206,2016
255,Tunisia,Middle East and Northern Africa,47.41492762,52.23743451,26.25608273,52.21472393,2016
256,Greece,Western Europe,47.1893213,66.7566232,45.90815085,70.13935145,2016
257,Tajikistan,Central and Eastern Europe,46.49370182,26.10428466,45.986618,46.55477651,2016
258,Mongolia,Eastern Asia,44.82045497,52.84093072,66.29136253,48.61437336,2016
259,Laos,Southeastern Asia,44.23763865,36.37120378,33.43673966,33.55915863,2016
260,Nigeria,Sub-Saharan Africa,44.21883813,40.20599723,39.2323601,4.476774759,2016
261,Honduras,Latin America and Caribbean,44.14363602,37.11261144,45.98296837,51.16827344,2016
262,Iran,Middle East and Northern Africa,43.05320549,59.73917569,23.63564477,56.29447853,2016
263,Zambia,Sub-Saharan Africa,42.71479601,32.71494686,38.78345499,20.65994741,2016
264,Nepal,Southern Asia,42.67719496,23.85440375,42.3959854,43.88518843,2016
265,Palestinian Territories,Middle East and Northern Africa,41.94397443,35.82704157,43.56995134,49.81945662,2016
266,Albania,Central and Eastern Europe,40.08272232,51.06465268,30.51277372,63.98510079,2016
267,Bangladesh,Southern Asia,39.857116,28.95979994,15.05413625,46.44084137,2016
268,Sierra Leone,Sub-Saharan Africa,39.70671179,19.50270965,38.19951338,0,2016
269,Iraq,Middle East and Northern Africa,38.5786802,57.44920425,36.01277372,44.76424189,2016
270,Namibia,Sub-Saharan Africa,38.55987968,49.86567837,42.79927007,30.45135846,2016
271,Cameroon,Sub-Saharan Africa,37.41304757,28.06177192,38.04257908,11.12883436,2016
272,Ethiopia,Sub-Saharan Africa,37.31904493,15.65294907,23.0729927,30.30499562,2016
273,South Africa,Sub-Saharan Africa,36.39781914,54.74549847,58.42639903,16.31113059,2016
274,Sri Lanka,Southern Asia,35.57059598,52.02041107,51.57116788,54.34443471,2016
275,India,Southern Asia,35.36379019,39.57523946,17.79014599,39.51884312,2016
276,Myanmar,Southeastern Asia,35.19458545,18.23424508,42.56751825,34.95179667,2016
277,Egypt,Middle East and Northern Africa,34.57416808,50.99248971,30.29987835,45.67572305,2016
278,Armenia,Central and Eastern Europe,34.53656702,46.01645232,38.00304136,56.16389132,2016
279,Kenya,Sub-Saharan Africa,34.46136492,27.93882761,46.37469586,26.42156004,2016
280,Ukraine,Central and Eastern Europe,33.85974807,46.65843545,61.68673966,51.38299737,2016
281,Ghana,Sub-Saharan Africa,32.95732281,33.73324648,30.02007299,26.01314636,2016
282,Congo (Kinshasa),Sub-Saharan Africa,32.8821207,3.026033694,49.0729927,16.47677476,2016
283,Georgia,Central and Eastern Europe,32.50611017,44.79021645,11.70863747,56.12182296,2016
284,Congo (Brazzaville),Sub-Saharan Africa,32.20530175,41.21788238,29.07481752,24.72567923,2016
285,Senegal,Sub-Saharan Africa,31.8856928,23.68762712,47.09002433,35.45749343,2016
286,Bulgaria,Central and Eastern Europe,31.84809175,59.49756339,56.29075426,59.42681858,2016
287,Mauritania,Sub-Saharan Africa,31.54728332,32.81597501,51.18126521,25.09991236,2016
288,Zimbabwe,Sub-Saharan Africa,31.39687911,18.73083319,43.47810219,13.97896582,2016
289,Malawi,Sub-Saharan Africa,30.70125964,4.655313097,8.941605839,25.73531989,2016
290,Sudan,Sub-Saharan Africa,30.38165069,33.71293395,49.83454988,26.08150745,2016
291,Gabon,Sub-Saharan Africa,30.04324121,61.92704991,44.01946472,30.62226117,2016
292,Mali,Sub-Saharan Africa,29.14081594,16.7268409,52.51399027,14.32690622,2016
293,Haiti,Latin America and Caribbean,28.29479225,18.22622697,17.98114355,24.09640666,2016
294,Botswana,Sub-Saharan Africa,27.27956383,58.49262728,54.24939173,30.45749343,2016
295,Comoros,Sub-Saharan Africa,26.94115435,14.70467424,36.69282238,26.27607362,2016
296,Ivory Coast,Sub-Saharan Africa,26.1891333,29.67073879,35.02189781,3.922874671,2016
297,Cambodia,Southeastern Asia,26.01992856,29.72258921,32.6946472,37.2427695,2016
298,Angola,Sub-Saharan Africa,25.24910697,45.29214996,40.36861314,4.374233129,2016
299,Niger,Sub-Saharan Africa,25.06110171,7.093352256,36.81873479,22.92900964,2016
300,South Sudan,Sub-Saharan Africa,24.60988908,21.05768793,11.26459854,13.83085013,2016
301,Chad,Sub-Saharan Africa,23.31265275,22.5650921,38.42944039,3.3514461,2016
302,Burkina Faso,Sub-Saharan Africa,22.86144012,17.10262287,38.3540146,18.66520596,2016
303,Uganda,Sub-Saharan Africa,22.86144012,18.55871115,55.34124088,17.19982472,2016
304,Yemen,Middle East and Northern Africa,22.57943222,30.97074125,28.88868613,27.21121823,2016
305,Madagascar,Sub-Saharan Africa,22.03421696,14.94254476,28.05048662,32.52322524,2016
306,Tanzania,Sub-Saharan Africa,21.48900169,25.20625664,47.21593674,31.28834356,2016
307,Liberia,Sub-Saharan Africa,20.66177853,5.722790449,30.6283455,20.30236635,2016
308,Guinea,Sub-Saharan Africa,20.37977063,11.98172501,18.91119221,16.50219106,2016
309,Rwanda,Sub-Saharan Africa,18.6501222,17.55751682,37.46107056,27.92725679,2016
310,Benin,Sub-Saharan Africa,18.06730588,21.11381468,6.337591241,18.42944785,2016
311,Afghanistan,Southern Asia,15.73604061,20.43387918,6.71350365,15.20070114,2016
312,Togo,Sub-Saharan Africa,14.6644106,15.0328821,0,21.74496056,2016
313,Syria,Middle East and Northern Africa,10.26508742,39.94033061,9.042579075,55.20946538,2016
314,Burundi,Sub-Saharan Africa,7.18180109,3.651446063,14.25912409,13.80105171,2016
315,Norway,Western Europe,94.26584281,86.4065017,93.28002187,69.8217794,2017
316,Denmark,Western Europe,93.98382846,79.23937369,94.35046183,69.46235974,2017
317,Iceland,Western Europe,93.64542559,79.14582951,97.96678875,73.05452429,2017
318,Switzerland,Western Europe,93.45741602,83.65449318,92.26957087,75.20870197,2017
319,Finland,Western Europe,92.98740107,77.16476392,93.68897355,70.91653546,2017
320,Netherlands,Western Europe,91.25775249,80.39192971,86.91844424,71.05136942,2017
321,Canada,North America,90.11092282,79.06946484,90.10638634,73.1426514,2017
322,New Zealand,Australia and New Zealand,90.07332449,75.14067948,94.17245278,71.58279628,2017
323,Sweden,Western Europe,89.50930475,79.88104978,89.91254072,72.8199087,2017
324,Australia,Australia and New Zealand,89.50930475,79.34798816,91.85170025,73.96027981,2017
325,Israel,Middle East and Northern Africa,88.17446551,73.51975898,83.71593453,73.47975458,2017
326,Costa Rica,Latin America and Caribbean,85.65519827,59.31829362,86.15593986,66.56522922,2017
327,Austria,Western Europe,84.28276071,79.49136947,88.80443817,71.45735488,2017
328,United States,North America,84.03835365,82.653819,86.36986397,67.860353,2017
329,Ireland,Western Europe,83.7375491,82.08973741,94.78291456,70.971308,2017
330,Germany,Western Europe,83.24873498,79.53552895,89.56936444,70.02197474,2017
331,Belgium,Western Europe,82.12069551,78.245008,88.94846097,71.69955034,2017
332,Luxembourg,Western Europe,81.59428306,93.11393783,88.66080693,74.06568757,2017
333,United Kingdom,Western Europe,78.79301044,77.06117076,91.02555232,70.58158974,2017
334,Chile,Latin America and Caribbean,77.62737263,66.96640948,78.10370765,71.82118351,2017
335,United Arab Emirates,Middle East and Northern Africa,77.55216701,86.9346376,77.03225253,63.69835551,2017
336,Brazil,Latin America and Caribbean,77.30776892,59.19251239,87.06240903,54.03613961,2017
337,Czech Republic,Central and Eastern Europe,76.8189548,72.30634826,87.21929542,66.12129738,2017
338,Argentina,Latin America and Caribbean,76.63094524,63.35884133,87.6186828,60.92349549,2017
339,Mexico,Latin America and Caribbean,76.2361359,61.64234391,73.65341604,62.22427675,2017
340,Singapore,Southeastern Asia,76.12333196,90.4590929,82.34880556,83.21581025,2017
341,Malta,Western Europe,75.27730683,71.80374585,90.53598935,72.03718114,2017
342,Uruguay,Latin America and Caribbean,73.90486926,65.08349519,85.90193851,63.03390215,2017
343,Guatemala,Latin America and Caribbean,73.90486926,46.61203445,76.37379523,47.34793951,2017
344,Panama,Latin America and Caribbean,73.86727094,65.94884892,83.5275273,61.88923178,2017
345,France,Western Europe,73.67926137,76.48865235,84.41465034,74.01102995,2017
346,Thailand,Southeastern Asia,73.34084953,60.28915219,86.72703502,56.72559416,2017
347,Taiwan Province of China,-,73.3032512,76.63314242,84.21930373,69.58669889,2017
348,Spain,Western Europe,72.94604019,74.0016708,93.19287727,77.91065731,2017
349,Qatar,Middle East and Northern Africa,72.41962775,100,77.51197566,62.23471409,2017
350,Colombia,Latin America and Caribbean,72.08121591,57.22909785,85.29093289,52.14968655,2017
351,Saudi Arabia,Middle East and Northern Africa,71.83680885,81.81802599,78.26506076,51.72202715,2017
352,Trinidad and Tobago,Latin America and Caribbean,68.52792294,72.76998455,83.95550605,45.57259348,2017
353,Kuwait,Middle East and Northern Africa,67.34348598,87.2879198,76.62401147,55.39927328,2017
354,Slovakia,Central and Eastern Europe,67.21188287,70.84765171,91.54861571,62.46563638,2017
355,Bahrain,Middle East and Northern Africa,67.00507413,79.56166142,80.48117161,57.24215905,2017
356,Malaysia,Southeastern Asia,66.94867664,69.02069187,78.14148627,54.23176404,2017
357,Nicaragua,Latin America and Caribbean,66.70426958,39.41162752,78.29779256,57.23890978,2017
358,Ecuador,Latin America and Caribbean,65.51983262,53.49790227,78.23411276,60.09081703,2017
359,El Salvador,Latin America and Caribbean,65.42582784,48.6316647,71.90541919,52.23650769,2017
360,Poland,Central and Eastern Europe,64.86181706,69.05129127,87.93868433,61.30371148,2017
361,Uzbekistan,Central and Eastern Europe,64.82421874,42.03846017,94.21953465,43.66981837,2017
362,Italy,Western Europe,64.69261562,74.57195892,87.89071056,74.77163433,2017
363,Russia,Central and Eastern Europe,64.6738075,68.51622877,89.37240807,47.97101961,2017
364,Belize,-,64.54220438,48.53495672,65.77967147,39.45589536,2017
365,Japan,Eastern Asia,63.86538967,75.73985288,87.36848106,80.05923498,2017
366,Lithuania,Central and Eastern Europe,63.52697782,70.26974878,89.62993349,55.12269415,2017
367,Algeria,Middle East and Northern Africa,62.96296705,58.36457632,69.72125702,54.12661225,2017
368,Latvia,Central and Eastern Europe,62.54934959,67.39211833,85.44494781,55.96555397,2017
369,South Korea,Eastern Asia,62.32374169,74.92538769,68.62983216,78.89693918,2017
370,Moldova,Central and Eastern Europe,62.32374169,38.96108613,76.14510773,51.66215608,2017
371,Romania,Central and Eastern Europe,62.07933464,65.09013504,69.95689115,60.04893184,2017
372,Bolivia,Latin America and Caribbean,62.04173631,44.56766405,74.67269172,41.51010074,2017
373,Turkmenistan,Central and Eastern Europe,62.02293714,60.4445961,90.82415823,38.36337252,2017
374,Kazakhstan,Central and Eastern Europe,61.96653069,68.66473334,84.20736105,53.11494747,2017
375,North Cyprus,Western Europe,61.79732925,71.99786276,72.15957282,73.15050291,2017
376,Slovenia,Central and Eastern Europe,60.81970102,71.69288835,88.35272632,69.31009886,2017
377,Peru,Latin America and Caribbean,60.01128318,55.33698207,74.13445163,55.2292825,2017
378,Mauritius,Sub-Saharan Africa,58.39443856,63.57800743,73.57426949,55.91651727,2017
379,Cyprus,Western Europe,58.24402732,72.48037994,68.81771732,74.03283972,2017
380,Estonia,Central and Eastern Europe,58.05602672,70.60634851,89.82184305,60.92623281,2017
381,Belarus,Central and Eastern Europe,57.26639908,61.82268408,87.89204478,55.89082093,2017
382,Libya,Middle East and Northern Africa,56.43918209,58.89583461,82.57690572,45.58887114,2017
383,Turkey,Middle East and Northern Africa,55.96916714,64.05261669,81.37184773,55.88129777,2017
384,Paraguay,Latin America and Caribbean,55.83756403,49.84789513,91.68399511,50.76693193,2017
385,"Hong Kong S.A.R., China",-,55.44275469,82.94330254,76.81209966,82.6522721,2017
386,Philippines,Southeastern Asia,54.65312706,45.84749559,76.27235857,41.01744563,2017
387,Serbia,Central and Eastern Europe,53.9951115,57.15935391,76.53222612,57.0363428,2017
388,Jordan,Middle East and Northern Africa,52.88588016,52.97362475,75.37037062,52.98773517,2017
389,Hungary,Central and Eastern Europe,52.66027226,68.7425445,81.69909318,60.27725263,2017
390,Jamaica,Latin America and Caribbean,52.41586521,49.47596144,83.22494308,56.18075234,2017
391,Croatia,Central and Eastern Europe,52.07746233,65.35058038,58.87974498,61.46262237,2017
392,Kosovo,Central and Eastern Europe,51.81424714,50.86069246,69.2125002,47.45416742,2017
393,China,Eastern Asia,51.70144319,57.79268877,70.61054817,64.97944791,2017
394,Pakistan,Southern Asia,51.62624654,38.85486761,40.91792516,35.23644024,2017
395,Indonesia,Southeastern Asia,51.49464343,53.21556835,77.52096711,43.1503699,2017
396,Venezuela,Latin America and Caribbean,51.26903553,60.31921632,87.0643306,54.08801289,2017
397,Montenegro,Central and Eastern Europe,51.02462847,59.92888603,75.3270376,58.49821854,2017
398,Morocco,Middle East and Northern Africa,50.98703015,46.93877954,47.13287319,52.38480886,2017
399,Azerbaijan,Central and Eastern Europe,50.96823098,61.66468491,70.09733912,47.3948971,2017
400,Dominican Republic,Latin America and Caribbean,50.89302536,57.69690157,85.30515244,50.38332563,2017
401,Greece,Western Europe,50.83662787,68.92832655,75.39018082,71.00779168,2017
402,Lebanon,Middle East and Northern Africa,50.79902058,57.46243577,68.7119372,64.42428367,2017
403,Portugal,Western Europe,50.23500981,70.3014442,83.15346827,69.74965308,2017
404,Bosnia and Herzegovina,Central and Eastern Europe,49.99060275,52.51376081,65.04476505,61.80423378,2017
405,Honduras,Latin America and Caribbean,49.97180359,39.05209098,69.5830279,51.05779842,2017
406,Macedonia,Central and Eastern Europe,49.85899964,56.90600085,73.47281107,56.52481897,2017
407,Somalia,-,49.40778385,1.210369875,43.86565401,9.990283708,2017
408,Vietnam,Southeastern Asia,47.96014066,42.15106046,77.70628535,57.15766776,2017
409,Nigeria,Sub-Saharan Africa,47.96014066,41.89494505,73.95197585,4.988232273,2017
410,Tajikistan,Central and Eastern Europe,47.33972343,28.0480682,77.33961526,46.3834465,2017
411,Bhutan,Southern Asia,46.77571266,47.32909071,81.51621134,43.46006069,2017
412,Kyrgyzstan,Central and Eastern Europe,46.64410955,31.87037695,84.80770019,48.50638007,2017
413,Nepal,Southern Asia,45.85448192,25.64833188,71.73255847,44.18324108,2017
414,Mongolia,Eastern Asia,45.72287881,54.90991594,90.81576862,48.88549382,2017
415,South Africa,Sub-Saharan Africa,43.35401384,56.37791593,84.23288518,16.3961499,2017
416,Tunisia,Middle East and Northern Africa,42.90279805,53.84243541,52.81943184,53.74338729,2017
417,Palestinian Territories,Middle East and Northern Africa,42.33878728,38.28642106,70.29483933,49.57642187,2017
418,Egypt,Middle East and Northern Africa,41.58676694,52.90356857,60.67344235,45.59046965,2017
419,Bulgaria,Central and Eastern Europe,41.19195761,62.08469062,87.24935879,62.06991064,2017
420,Sierra Leone,Sub-Saharan Africa,41.09795282,19.69359025,59.86228984,0.487708492,2017
421,Cameroon,Sub-Saharan Africa,40.8347466,30.16440644,57.54368729,11.64698658,2017
422,Iran,Middle East and Northern Africa,40.77834014,61.83955134,43.28170615,56.03270715,2017
423,Albania,Central and Eastern Europe,39.87591753,53.2505359,48.88596398,64.08060882,2017
424,Bangladesh,Southern Asia,39.19909385,31.36058031,44.71604261,46.73453405,2017
425,Namibia,-,38.55987745,51.55291937,66.81695907,29.67675823,2017
426,Kenya,Sub-Saharan Africa,38.16506812,29.95989644,64.96050642,27.16812881,2017
427,Mozambique,Sub-Saharan Africa,38.10867063,12.52458561,52.96234884,9.347452708,2017
428,Myanmar,Southeastern Asia,38.01466584,19.62354522,68.32335407,34.8398395,2017
429,Senegal,Sub-Saharan Africa,37.82665628,25.6210078,71.7574155,35.87755062,2017
430,Zambia,Sub-Saharan Africa,37.43184694,34.01851894,61.02112523,22.59736151,2017
431,Iraq,Middle East and Northern Africa,37.11224323,58.94433994,59.52635023,43.92466871,2017
432,Gabon,Sub-Saharan Africa,36.51062517,64.04918843,70.29320057,31.25141003,2017
433,Ethiopia,Sub-Saharan Africa,36.41662038,18.13342248,52.59545035,30.97368164,2017
434,Sri Lanka,Southern Asia,36.04061021,53.98057875,76.64089945,54.78797828,2017
435,Armenia,Central and Eastern Europe,34.83737408,48.14054184,61.28246477,55.87418282,2017
436,India,Southern Asia,33.69054441,42.34743314,45.88641099,39.91477799,2017
437,Mauritania,Sub-Saharan Africa,33.25812779,34.66266746,77.3741381,25.00870111,2017
438,Congo (Brazzaville),Sub-Saharan Africa,33.23932862,43.24241451,50.61097099,25.4125709,2017
439,Georgia,Central and Eastern Europe,33.14532384,50.8140956,34.70893759,56.92786861,2017
440,Congo (Kinshasa),Sub-Saharan Africa,33.03252886,4.923243434,74.7581178,16.77537466,2017
441,Mali,Sub-Saharan Africa,31.34047861,25.45377528,77.94850354,14.84361738,2017
442,Ivory Coast,Sub-Saharan Africa,31.15246904,32.23540634,55.03528165,4.263117413,2017
443,Cambodia,Southeastern Asia,30.92687011,32.16678073,61.20671176,37.66725713,2017
444,Sudan,Sub-Saharan Africa,30.38164954,35.25383735,73.84480351,25.49700472,2017
445,Ghana,Sub-Saharan Africa,30.02443853,35.66586823,53.14262389,25.9104055,2017
446,Ukraine,Central and Eastern Europe,29.57323171,47.82276883,84.82588614,50.47361544,2017
447,Uganda,Sub-Saharan Africa,29.29121736,20.38901601,68.72431495,19.07384808,2017
448,Burkina Faso,Sub-Saharan Africa,28.36999558,18.72108924,63.45985435,18.91711294,2017
449,Niger,Sub-Saharan Africa,28.29478996,8.655564509,60.40298083,23.53242831,2017
450,Malawi,Sub-Saharan Africa,27.20436226,12.47842207,31.17815276,27.61521327,2017
451,Chad,Sub-Saharan Africa,26.56514587,23.41356754,58.02043018,3.605145932,2017
452,Zimbabwe,Sub-Saharan Africa,25.41831171,20.09051897,65.88174624,17.24485135,2017
453,Lesotho,Sub-Saharan Africa,24.15867809,27.85069508,72.39021814,0,2017
454,Angola,Sub-Saharan Africa,23.91427103,45.88646171,67.17834304,4.370610485,2017
455,Afghanistan,Southern Asia,23.89546739,21.46058273,35.37368165,15.84108491,2017
456,Botswana,Sub-Saharan Africa,23.36905494,59.98047552,74.30383179,29.95227952,2017
457,Benin,Sub-Saharan Africa,21.31979817,23.04326036,26.47809267,18.39879153,2017
458,Madagascar,Sub-Saharan Africa,21.07539111,16.34671276,55.536519,32.88547842,2017
459,Haiti,Latin America and Caribbean,20.30456713,19.70371093,38.95680182,24.30509466,2017
460,Yemen,Middle East and Northern Africa,20.11656204,31.62787578,56.89673035,27.17624152,2017
461,South Sudan,-,20.07896372,21.23454737,36.57683259,14.32830884,2017
462,Liberia,Sub-Saharan Africa,18.98853154,6.363265797,53.04853629,20.15058692,2017
463,Guinea,Sub-Saharan Africa,18.49971742,13.07218386,48.12923879,17.01394734,2017
464,Togo,Sub-Saharan Africa,18.27410952,16.32725679,26.27022691,21.65692977,2017
465,Rwanda,Sub-Saharan Africa,17.82289822,19.71096092,57.5247581,28.60865971,2017
466,Syria,Middle East and Northern Africa,17.6536923,41.54198145,24.09383256,43.86795288,2017
467,Tanzania,Sub-Saharan Africa,15.52923439,27.32228199,63.3813749,31.94647542,2017
468,Burundi,Sub-Saharan Africa,7.181800553,4.897597243,38.30861219,13.28753652,2017
469,Central African Republic,Sub-Saharan Africa,3.196090961,0,0,1.645283602,2017
470,Finland,Western Europe,96.05188945,69.75753349,96.83698297,76.59947415,2018
471,Norway,Western Europe,95.33746945,77.82909484,96.22871046,75.4601227,2018
472,Denmark,Western Europe,94.60424892,72.21641973,96.71532847,76.07361963,2018
473,Iceland,Western Europe,93.47621733,71.78878734,100,80.1051709,2018
474,Switzerland,Western Europe,93.32581312,75.90474909,94.22141119,81.24452235,2018
475,Netherlands,Western Europe,92.46098891,72.75096022,90.51094891,76.95004382,2018
476,Canada,North America,90.33652942,71.09388471,93.18734793,78.52760736,2018
477,New Zealand,Australia and New Zealand,90.26132732,67.77973369,97.38442822,76.77475898,2018
478,Sweden,Western Europe,90.07332205,72.43023593,91.30170316,80.01752848,2018
479,Australia,Australia and New Zealand,89.28369994,71.6284252,95.68126521,79.75460123,2018
480,United Kingdom,Western Europe,87.74205678,66.49683652,87.16545012,77.82646801,2018
481,Austria,Western Europe,86.78322993,71.68187924,91.48418491,78.08939527,2018
482,Costa Rica,Latin America and Caribbean,85.52359466,53.98858914,88.74695864,71.60385627,2018
483,Ireland,Western Europe,83.73754465,77.40146245,96.28953771,76.77475898,2018
484,Germany,Western Europe,83.51193833,71.6284252,89.6593674,75.4601227,2018
485,Belgium,Western Europe,82.79751833,70.77316042,90.20681265,78.35232252,2018
486,Luxembourg,Western Europe,82.47790938,84.24358068,92.45742092,78.52760736,2018
487,United States,North America,82.02669675,74.72876002,89.47688564,71.7791411,2018
488,Israel,Middle East and Northern Africa,80.67305885,69.5437173,94.8296837,77.38825592,2018
489,Czech Republic,Central and Eastern Europe,78.73660462,65.90884199,90.57177616,74.84662577,2018
490,Malta,Western Europe,77.15736041,67.88664179,92.76155718,77.47589833,2018
491,France,Western Europe,74.56288776,69.11608491,89.17274939,79.57931639,2018
492,Mexico,Latin America and Caribbean,74.54408723,55.4853025,76.15571776,66.69588081,2018
493,Chile,Latin America and Caribbean,74.31848092,60.45652903,80.96107056,70.8150745,2018
494,Taiwan,Eastern Asia,73.66046249,72.96477641,87.34793187,75.10955302,2018
495,Panama,Latin America and Caribbean,73.4536567,59.4409021,87.46958637,66.52059597,2018
496,Brazil,Latin America and Caribbean,73.24685091,52.70569197,89.6593674,59.15863278,2018
497,Argentina,Latin America and Caribbean,72.66403459,57.3561942,89.29440389,65.20595968,2018
498,Guatemala,Latin America and Caribbean,72.55123143,41.747612,77.12895377,53.28659071,2018
499,Uruguay,Latin America and Caribbean,72.49482986,58.42527518,88.74695864,67.572305,2018
500,Qatar,Middle East and Northern Africa,72.40082722,88.14572623,79.25790754,65.55652936,2018
501,Saudi Arabia,Middle East and Northern Africa,72.34442564,73.71313309,80.96107056,55.47765118,2018
502,Singapore,Southeastern Asia,71.8180109,81.73124039,88.26034063,88.34355828,2018
503,Malaysia,Southeastern Asia,71.42319985,62.06015049,76.52068127,58.63277826,2018
504,Spain,Western Europe,71.19759353,66.87101487,93.55231144,84.57493427,2018
505,Colombia,Latin America and Caribbean,70.25756721,51.31588671,87.53041363,55.65293602,2018
506,Trinidad & Tobago,-,68.97913142,65.3743015,90.75425791,49.43032428,2018
507,Slovakia,Central and Eastern Europe,68.62192141,64.67939887,93.49148418,68.01051709,2018
508,El Salvador,Latin America and Caribbean,68.50911826,43.08396321,74.8783455,56.0035057,2018
509,Nicaragua,Latin America and Caribbean,68.02030457,35.7073045,80.23114355,61.34969325,2018
510,Poland,Central and Eastern Europe,67.68189509,62.86196122,88.07785888,68.44872918,2018
511,Bahrain,Middle East and Northern Africa,67.34348562,71.5215171,83.09002433,61.17440841,2018
512,Uzbekistan,Central and Eastern Europe,67.17428088,38.43346098,96.35036496,53.02366345,2018
513,Kuwait,Middle East and Northern Africa,66.92987404,78.79126771,79.13625304,59.15863278,2018
514,Thailand,Southeastern Asia,66.72306825,54.30931343,86.19221411,61.96319018,2018
515,Italy,Western Europe,65.36943034,67.5659175,91.30170316,82.90972831,2018
516,Ecuador,Latin America and Caribbean,64.86181613,47.52064925,80.90024331,64.50482033,2018
517,Belize,-,64.54220718,43.13741726,66.97080292,41.54250657,2018
518,Lithuania,Central and Eastern Europe,64.46700508,63.98449624,92.88321168,62.75197195,2018
519,Slovenia,Central and Eastern Europe,64.39180297,65.16048531,91.60583942,75.0219106,2018
520,Romania,Central and Eastern Europe,64.33540139,59.6547183,74.14841849,63.62839614,2018
521,Latvia,Central and Eastern Europe,64.10979507,61.36524785,88.44282238,58.8080631,2018
522,Japan,Eastern Asia,63.7713856,69.16953896,88.92944039,86.5907099,2018
523,Mauritius,Sub-Saharan Africa,63.32017296,58.26491303,84.36739659,59.94741455,2018
524,Jamaica,Latin America and Caribbean,63.30137244,43.77886585,90.81508516,60.73619632,2018
525,South Korea,Eastern Asia,63.01936454,67.67282559,73.23600973,83.69851008,2018
526,Northern Cyprus,-,62.26734349,65.69502579,73.66180049,79.66695881,2018
527,Russia,Central and Eastern Europe,61.79733033,61.52561,89.96350365,52.49780894,2018
528,Kazakhstan,Central and Eastern Europe,61.4213198,61.09797761,92.21411192,55.30236635,2018
529,Cyprus,Western Europe,60.89490506,65.69502579,72.44525547,79.66695881,2018
530,Bolivia,Latin America and Caribbean,60.70689979,40.14399054,74.39172749,44.52234882,2018
531,Estonia,Central and Eastern Europe,60.46249295,64.14485838,93.18734793,64.59246275,2018
532,Paraguay,Latin America and Caribbean,59.37206242,44.63413063,92.57907543,53.90008764,2018
533,Peru,Latin America and Caribbean,59.03365294,49.92608144,75.97323601,59.07099036,2018
534,Kosovo,Central and Eastern Europe,59.01485242,45.7032116,74.81751825,50.65731814,2018
535,Moldova,Central and Eastern Europe,58.60124083,35.11930997,79.13625304,54.33829974,2018
536,Turkmenistan,Central and Eastern Europe,58.52603873,54.30931343,93.24817518,45.31113059,2018
537,Hungary,Central and Eastern Europe,58.22523031,62.59469097,85.2189781,64.15425066,2018
538,Libya,Middle East and Northern Africa,57.21000188,52.65223792,82.11678832,48.46625767,2018
539,Philippines,Southeastern Asia,56.42037977,41.42688771,79.8053528,44.96056091,2018
540,Honduras,Latin America and Caribbean,56.04436924,33.14151016,73.29683698,54.51358457,2018
541,Belarus,Central and Eastern Europe,55.64955819,55.53875655,91.11922141,61.34969325,2018
542,Turkey,Middle East and Northern Africa,55.64955819,61.36524785,83.94160584,60.12269939,2018
543,Pakistan,Southern Asia,55.4427524,34.85203972,49.27007299,37.16038563,2018
544,Hong Kong,Eastern Asia,54.65313029,75.10293836,78.46715328,90.2716915,2018
545,Portugal,Western Europe,54.27711976,63.5034098,86.92214112,77.47589833,2018
546,Serbia,Central and Eastern Europe,54.05151344,52.11769744,83.27250608,60.03505697,2018
547,Greece,Western Europe,53.29949239,61.68597215,73.11435523,77.03768624,2018
548,Lebanon,Middle East and Northern Africa,53.29949239,51.58315695,71.71532847,68.79929886,2018
549,Montenegro,Central and Eastern Europe,53.0926866,54.36276748,77.79805353,63.8913234,2018
550,Croatia,Central and Eastern Europe,52.60387291,59.60126425,70.62043796,64.59246275,2018
551,Dominican Republic,Latin America and Caribbean,52.24666291,52.49187578,87.65206813,53.81244522,2018
552,Algeria,Middle East and Northern Africa,52.11505922,52.33151363,70.1946472,60.21034181,2018
553,Morocco,Middle East and Northern Africa,51.34423764,41.6407039,48.47931873,58.63277826,2018
554,China,Eastern Asia,51.19383343,52.86605412,69.46472019,70.02629273,2018
555,Azerbaijan,Central and Eastern Europe,50.34780974,54.73694582,70.62043796,52.84837862,2018
556,Tajikistan,Central and Eastern Europe,50.31020869,25.33721906,70.92457421,52.41016652,2018
557,Macedonia,Central and Eastern Europe,50.04700132,51.26243266,75.3649635,60.56091148,2018
558,Jordan,Middle East and Northern Africa,49.59578868,43.93922799,76.94647202,56.52936021,2018
559,Nigeria,Sub-Saharan Africa,49.48298552,36.82983952,71.28953771,4.206836109,2018
560,Kyrgyzstan,Central and Eastern Europe,49.03177289,28.33064579,86.13138686,52.05959684,2018
561,Bosnia and Herzegovina,Central and Eastern Europe,48.99417184,48.91045452,65.57177616,66.43295355,2018
562,Mongolia,Eastern Asia,48.91896973,48.85700047,92.27493917,50.39439089,2018
563,Vietnam,Southeastern Asia,48.50535815,38.21964479,83.02919708,61.52497809,2018
564,Indonesia,Southeastern Asia,48.31735289,48.05518974,73.90510949,45.74934268,2018
565,Bhutan,Southern Asia,48.1105471,42.54942273,81.20437956,46.18755478,2018
566,Somalia,-,46.23049445,0,43.30900243,10.07887818,2018
567,Cameroon,Sub-Saharan Africa,46.09889077,28.59791603,54.19708029,15.95092025,2018
568,Bulgaria,Central and Eastern Europe,45.30926866,56.34056728,92.15328467,62.40140228,2018
569,Nepal,Southern Asia,44.31284076,22.71797068,74.69586375,47.2392638,2018
570,Venezuela,Latin America and Caribbean,42.9216018,53.24023246,89.35523114,57.58106924,2018
571,Gabon,Sub-Saharan Africa,42.01917654,55.3783944,70.80291971,35.40753725,2018
572,Palestinian Territories,Middle East and Northern Africa,41.73716864,34.31749924,74.02676399,52.7607362,2018
573,South Africa,Sub-Saharan Africa,41.37995864,50.24680573,85.76642336,28.92199825,2018
574,Iran,Middle East and Northern Africa,41.06034969,56.60783752,46.89781022,60.56091148,2018
575,Ivory Coast,Sub-Saharan Africa,40.38353074,28.91864032,53.04136253,7.011393514,2018
576,Ghana,Sub-Saharan Africa,40.12032337,31.6447968,54.50121655,29.53549518,2018
577,Senegal,Sub-Saharan Africa,39.63150968,22.93178687,67.94403893,37.9491674,2018
578,Laos,Southeastern Asia,39.48110547,38.48691503,62.89537713,38.65030675,2018
579,Tunisia,Middle East and Northern Africa,38.89828915,48.10864379,55.10948905,60.47326906,2018
580,Albania,Central and Eastern Europe,38.78548599,48.96390857,49.69586375,69.23751096,2018
581,Sierra Leone,Sub-Saharan Africa,38.5034781,13.68423646,49.45255474,0,2018
582,Congo (Brazzaville),Sub-Saharan Africa,38.27787178,36.45566118,49.33090024,30.06134969,2018
583,Bangladesh,Southern Asia,37.16864072,28.43755388,51.70316302,50.74496056,2018
584,Sri Lanka,Southern Asia,36.62342546,49.07081666,79.9270073,58.89570552,2018
585,Iraq,Middle East and Northern Africa,36.34141756,53.98858914,59.06326034,46.97633655,2018
586,Mali,Sub-Saharan Africa,36.17221282,19.777998,75,13.32164768,2018
587,Namibia,-,36.05940966,46.71883852,77.91970803,31.98948291,2018
588,Cambodia,Southeastern Asia,35.90900545,29.34627271,66.18004866,40.05258545,2018
589,Burkina Faso,Sub-Saharan Africa,35.73980071,16.78457128,66.72749392,22.26117441,2018
590,Egypt,Middle East and Northern Africa,35.64579808,47.30683306,62.34793187,48.46625767,2018
591,Mozambique,Sub-Saharan Africa,35.60819703,10.58390163,54.86618005,15.16213848,2018
592,Kenya,Sub-Saharan Africa,35.47659334,26.35284599,63.74695864,39.78965819,2018
593,Zambia,Sub-Saharan Africa,34.85617597,30.04117534,63.68613139,25.85451358,2018
594,Mauritania,Sub-Saharan Africa,34.46136492,29.7739051,75.72992701,25.59158633,2018
595,Ethiopia,Sub-Saharan Africa,34.34856176,16.46384699,57.78588808,34.2681858,2018
596,Georgia,Central and Eastern Europe,34.1605565,45.5963035,36.00973236,56.35407537,2018
597,Armenia,Central and Eastern Europe,33.80334649,43.6185037,60.2189781,58.36985101,2018
598,Myanmar,Southeastern Asia,33.55893965,36.45566118,71.41119221,37.59859772,2018
599,Chad,Sub-Saharan Africa,33.42733597,19.13654942,55.1703163,4.645048203,2018
600,Congo (Kinshasa),Sub-Saharan Africa,32.37450649,3.688329357,69.09975669,17.87905346,2018
601,India,Southern Asia,31.34047753,38.54036908,45.4379562,42.50657318,2018
602,Niger,Sub-Saharan Africa,30.8892649,7.002480374,52.73722628,19.36897458,2018
603,Uganda,Sub-Saharan Africa,30.79526227,17.21220367,66.30170316,20.77125329,2018
604,Benin,Sub-Saharan Africa,30.41925174,20.20563039,22.62773723,21.03418054,2018
605,Sudan,Sub-Saharan Africa,30.38165069,32.33969944,75.42579075,27.34443471,2018
606,Ukraine,Central and Eastern Europe,29.70483174,42.38906058,85.94890511,53.37423313,2018
607,Togo,Sub-Saharan Africa,27.74957699,13.8445986,28.83211679,22.17353199,2018
608,Guinea,Sub-Saharan Africa,27.09155856,18.38819274,48.17518248,18.49255039,2018
609,Lesotho,Sub-Saharan Africa,24.15867644,25.23031096,73.90510949,6.923751096,2018
610,Angola,Sub-Saharan Africa,23.9142696,39.02145552,68.43065693,23.57581069,2018
611,Madagascar,Sub-Saharan Africa,23.51945854,14.00496075,55.23114355,35.23225241,2018
612,Zimbabwe,Sub-Saharan Africa,21.97781538,19.08309537,66.54501217,21.73531989,2018
613,Afghanistan,Southern Asia,20.84978379,17.74674415,32.66423358,22.34881683,2018
614,Botswana,Sub-Saharan Africa,20.06016168,54.36276748,71.41119221,36.54688869,2018
615,Malawi,Sub-Saharan Africa,20.00376011,9.942453049,32.90754258,26.81858019,2018
616,Haiti,Latin America and Caribbean,19.90975747,16.83802533,43.43065693,25.32865907,2018
617,Liberia,Sub-Saharan Africa,18.27411168,4.062507698,52.18978102,23.40052585,2018
618,Syria,Middle East and Northern Africa,17.6536943,36.82983952,23.23600973,47.2392638,2018
619,Rwanda,Sub-Saharan Africa,16.63846588,17.74674415,54.50121655,35.05696757,2018
620,Yemen,Middle East and Northern Africa,15.64203798,23.6266895,65.2676399,30.06134969,2018
621,Tanzania,Sub-Saharan Africa,14.6644106,24.32159214,60.27980535,33.39176161,2018
622,South Sudan,-,13.74318481,18.0140144,36.98296837,15.51270815,2018
623,Central African Republic,Sub-Saharan Africa,10.52829479,1.282897168,0,0.876424189,2018
624,Burundi,Sub-Saharan Africa,7.18180109,4.864318427,38.13868613,12.70815074,2018
625,Finland,Western Europe,98.62756157,71.6284252,96.53284672,86.41542507,2019
626,Denmark,Western Europe,95.45027261,73.92694929,95.68126521,87.29184926,2019
627,Norway,Western Europe,94.58544839,79.5396244,96.22871046,90.09640666,2019
628,Iceland,Western Europe,93.45741681,73.76658714,98.78345499,89.92112182,2019
629,Netherlands,Western Europe,93.34461365,74.62185192,92.57907543,87.55477651,2019
630,Switzerland,Western Europe,93.19420944,77.61527864,92.82238443,92.19982472,2019
631,Sweden,Western Europe,90.61853732,74.14076548,90.45012165,88.4312007,2019
632,New Zealand,Australia and New Zealand,89.94171837,69.6506254,94.7080292,89.92112182,2019
633,Canada,North America,89.3965031,72.96477641,91.54501217,91.06047327,2019
634,Austria,Western Europe,88.79488626,73.55277095,89.72019465,89.04469763,2019
635,Australia,Australia and New Zealand,88.45647678,73.33895475,94.16058394,90.79754601,2019
636,Costa Rica,Latin America and Caribbean,87.30964467,55.27148631,87.65206813,84.39964943,2019
637,Israel,Middle East and Northern Africa,86.78322993,68.20736608,88.50364964,90.18404908,2019
638,Luxembourg,Western Europe,85.86200414,86.00756428,89.96350365,88.69412796,2019
639,United Kingdom,Western Europe,85.18518519,71.25424685,93.55231144,87.29184926,2019
640,Ireland,Western Europe,84.56476781,80.12761893,94.46472019,87.55477651,2019
641,Germany,Western Europe,83.88794886,73.3924088,88.44282238,86.50306748,2019
642,Belgium,Western Europe,82.72231622,72.48368997,91.48418491,86.41542507,2019
643,United States,North America,82.13949991,76.59965172,88.62530414,76.59947415,2019
644,Czech Republic,Central and Eastern Europe,81.38747885,67.83318774,90.45012165,80.63102542,2019
645,United Arab Emirates,Middle East and Northern Africa,80.87986464,80.34143513,79.6836983,72.30499562,2019
646,Malta,Western Europe,79.01861252,69.49026325,92.45742092,87.55477651,2019
647,Mexico,Latin America and Caribbean,76.55574356,57.19583206,80.47445255,75.4601227,2019
648,France,Western Europe,76.49934198,70.77316042,89.5377129,91.58632778,2019
649,Taiwan,Eastern Asia,73.75446513,73.12513856,86.98296837,80.1051709,2019
650,Chile,Latin America and Caribbean,73.71686407,61.95324239,83.27250608,80.63102542,2019
651,Guatemala,Latin America and Caribbean,73.56645986,42.76323892,77.18978102,65.38124452,2019
652,Saudi Arabia,Middle East and Northern Africa,72.41962775,74.99603026,82.54257908,69.67572305,2019
653,Qatar,Middle East and Northern Africa,72.40082722,90.01661793,79.86618005,76.33654689,2019
654,Spain,Western Europe,72.02481669,68.74190657,90.2676399,93.0762489,2019
655,Panama,Latin America and Caribbean,71.40439932,61.4187019,87.71289538,79.75460123,2019
656,Brazil,Latin America and Caribbean,71.00958827,53.66786485,87.53041363,70.28921998,2019
657,Uruguay,Latin America and Caribbean,70.87798458,60.08235069,89.11192214,78.08939527,2019
658,Singapore,Southeastern Asia,70.29516826,84.02976448,88.99026764,100,2019
659,El Salvador,Latin America and Caribbean,70.12596353,42.44251463,75.54744526,69.14986854,2019
660,Italy,Western Europe,69.56194773,69.16953896,90.51094891,91.06047327,2019
661,Bahrain,Middle East and Northern Africa,69.1107351,72.80441427,83.21167883,76.33654689,2019
662,Slovakia,Central and Eastern Europe,69.09193457,66.60374462,91.48418491,77.21297108,2019
663,Trinidad & Tobago,-,68.97913142,65.80193389,89.84184915,62.4890447,2019
664,Poland,Central and Eastern Europe,68.79112615,64.46558268,87.46958637,77.47589833,2019
665,Uzbekistan,Central and Eastern Europe,68.64072194,39.82326625,93.00486618,66.25766871,2019
666,Lithuania,Central and Eastern Europe,68.17070878,66.17611223,92.15328467,71.69149869,2019
667,Colombia,Latin America and Caribbean,67.71949615,52.65223792,85.76642336,73.70727432,2019
668,Slovenia,Central and Eastern Europe,67.58789246,67.24519321,92.63990268,83.52322524,2019
669,Nicaragua,Latin America and Caribbean,67.34348562,37.09710977,80.59610706,73.18141981,2019
670,Kosovo,Central and Eastern Europe,67.24948299,47.14647091,74.93917275,66.43295355,2019
671,Argentina,Latin America and Caribbean,66.98627562,58.37182113,87.10462287,77.21297108,2019
672,Romania,Central and Eastern Europe,66.68546719,62.11360453,74.93917275,72.30499562,2019
673,Cyprus,Western Europe,66.23425456,67.51246345,74.39172749,91.32340053,2019
674,Ecuador,Latin America and Caribbean,65.89584508,48.75009237,79.8053528,76.07361963,2019
675,Kuwait,Middle East and Northern Africa,65.7642414,80.18107298,80.23114355,70.8150745,2019
676,Thailand,Southeastern Asia,65.51983456,56.12675109,85.70559611,72.56792287,2019
677,Latvia,Central and Eastern Europe,64.24139876,63.44995575,89.11192214,71.16564417,2019
678,South Korea,Eastern Asia,63.39537507,69.5437173,74.14841849,90.79754601,2019
679,Estonia,Central and Eastern Europe,63.35777402,66.12265818,92.94403893,76.59947415,2019
680,Jamaica,Latin America and Caribbean,63.30137244,44.42031443,89.9026764,72.83085013,2019
681,Mauritius,Sub-Saharan Africa,63.26377139,59.86853449,85.27980535,69.93865031,2019
682,Japan,Eastern Asia,63.22617033,70.93352256,86.31386861,95.3549518,2019
683,Honduras,Latin America and Caribbean,62.73735665,34.31749924,75.18248175,72.56792287,2019
684,Kazakhstan,Central and Eastern Europe,61.7785298,62.70159907,91.72749392,63.8913234,2019
685,Bolivia,Latin America and Caribbean,61.21451401,41.48034175,73.54014599,61.87554777,2019
686,Hungary,Central and Eastern Europe,60.81970295,64.19831243,85.76642336,72.56792287,2019
687,Paraguay,Latin America and Caribbean,60.53769506,45.7032116,89.72019465,68.09815951,2019
688,Northern Cyprus,-,60.0676819,67.51246345,76.15571776,91.32340053,2019
689,Peru,Latin America and Caribbean,59.67287084,51.31588671,77.49391727,74.84662577,2019
690,Portugal,Western Europe,59.59766873,65.26739341,87.04379562,87.55477651,2019
691,Pakistan,Southern Asia,58.84564768,36.18839094,53.89294404,46.88869413,2019
692,Russia,Central and Eastern Europe,58.75164505,63.23613956,88.32116788,63.62839614,2019
693,Philippines,Southeastern Asia,58.4320361,43.13741726,78.64963504,57.58106924,2019
694,Serbia,Central and Eastern Europe,57.90562136,53.66786485,84.12408759,74.84662577,2019
695,Moldova,Central and Eastern Europe,56.5143824,36.61602333,80.77858881,64.76774759,2019
696,Libya,Middle East and Northern Africa,56.4391803,55.80602679,79.25790754,58.98334794,2019
697,Montenegro,Central and Eastern Europe,56.40157924,56.18020513,82.78588808,76.33654689,2019
698,Tajikistan,Central and Eastern Europe,55.34874976,26.35284599,66.78832117,62.92725679,2019
699,Croatia,Central and Eastern Europe,54.69073134,61.73942619,77.00729927,80.1051709,2019
700,Hong Kong,Eastern Asia,54.65313029,76.86692196,77.67639903,98.33479404,2019
701,Dominican Republic,Latin America and Caribbean,54.55912766,54.25585938,85.2189781,68.27344435,2019
702,Bosnia and Herzegovina,Central and Eastern Europe,53.82590713,50.51407598,73.72262774,74.057844,2019
703,Turkey,Middle East and Northern Africa,53.58150028,63.23613956,82.72506083,70.8150745,2019
704,Malaysia,Southeastern Asia,52.94228238,65.26739341,71.22871046,72.56792287,2019
705,Belarus,Central and Eastern Europe,52.64147396,57.03546991,89.11192214,69.14986854,2019
706,Greece,Western Europe,51.96465501,63.12923146,70.3163017,87.55477651,2019
707,Mongolia,Eastern Asia,51.92705396,50.67443812,93.12652068,58.45749343,2019
708,North Macedonia,-,51.72024817,52.54532983,78.71046229,73.44434706,2019
709,Nigeria,Sub-Saharan Africa,51.55104343,37.20401786,67.57907543,21.47239264,2019
710,Kyrgyzstan,Central and Eastern Europe,51.47584132,29.45318081,87.46958637,63.36546889,2019
711,Turkmenistan,Central and Eastern Europe,51.21263395,56.23365918,93.55231144,57.58106924,2019
712,Algeria,Middle East and Northern Africa,50.535815,53.56095675,70.55961071,68.79929886,2019
713,Morocco,Middle East and Northern Africa,50.47941342,42.81669297,47.56690998,68.5363716,2019
714,Azerbaijan,Central and Eastern Europe,50.47941342,55.75257275,69.76885645,67.39702016,2019
715,Lebanon,Middle East and Northern Africa,50.27260763,52.75914602,74.45255474,71.42857143,2019
716,Indonesia,Southeastern Asia,50.178605,49.7657193,73.17518248,57.84399649,2019
717,China,Eastern Asia,50.15980447,55.00421606,68.43065693,78.26468011,2019
718,Vietnam,Southeastern Asia,49.85899605,39.60945005,81.87347932,74.58369851,2019
719,Bhutan,Southern Asia,48.1105471,43.45814156,80.35279805,52.93602103,2019
720,Cameroon,Sub-Saharan Africa,47.39612709,29.34627271,55.35279805,29.00964067,2019
721,Bulgaria,Central and Eastern Europe,46.77570972,58.37182113,92.03163017,71.42857143,2019
722,Ghana,Sub-Saharan Africa,46.49370182,32.66042373,52.79805353,42.5942156,2019
723,Ivory Coast,Sub-Saharan Africa,45.51607445,30.41535368,49.14841849,20.33304119,2019
724,Nepal,Southern Asia,44.93325813,23.8405057,74.57420925,59.33391762,2019
725,Jordan,Middle East and Northern Africa,44.80165445,44.74103872,74.513382,71.42857143,2019
726,Benin,Sub-Saharan Africa,44.36924234,21.00744112,26.58150852,34.79404032,2019
727,Congo (Brazzaville),Sub-Saharan Africa,43.03440496,35.97457474,48.60097324,44.52234882,2019
728,Gabon,Sub-Saharan Africa,42.78999812,56.50092943,71.95863747,50.04382121,2019
729,Laos,Southeastern Asia,42.73359654,40.83889317,62.65206813,48.29097283,2019
730,South Africa,Sub-Saharan Africa,41.34235759,51.31588671,82.17761557,41.10429448,2019
731,Albania,Central and Eastern Europe,41.28595601,50.62098407,51.58150852,76.59947415,2019
732,Venezuela,Latin America and Caribbean,41.06034969,51.31588671,86.80048662,70.55214724,2019
733,Cambodia,Southeastern Asia,40.928746,30.68262393,68.24817518,55.82822086,2019
734,Palestinian Territories,Middle East and Northern Africa,40.8535439,35.11930997,75.85158151,58.89570552,2019
735,Senegal,Sub-Saharan Africa,40.571536,24.05432189,68.97810219,50.04382121,2019
736,Somalia,-,40.32712916,0,42.45742092,23.48816827,2019
737,Namibia,-,39.78191389,46.98610877,79.86618005,41.80543383,2019
738,Niger,Sub-Saharan Africa,39.5751081,7.376658714,47.08029197,32.07712533,2019
739,Burkina Faso,Sub-Saharan Africa,38.80428652,17.6932901,64.23357664,33.30411919,2019
740,Armenia,Central and Eastern Europe,38.27787178,45.43594136,64.17274939,71.42857143,2019
741,Iran,Middle East and Northern Africa,38.07106599,58.79945352,51.21654501,68.79929886,2019
742,Guinea,Sub-Saharan Africa,37.80785862,20.31253849,50.42579075,32.8659071,2019
743,Georgia,Central and Eastern Europe,37.52585072,47.36028711,40.51094891,65.90709904,2019
744,Gambia,-,37.46944914,16.46384699,57.11678832,37.5109553,2019
745,Kenya,Sub-Saharan Africa,37.33784546,27.36847291,59.79318735,50.9202454,2019
746,Mauritania,Sub-Saharan Africa,36.98063546,30.46880773,70.98540146,42.85714286,2019
747,Mozambique,Sub-Saharan Africa,36.52942282,10.90462593,59.9756691,34.18054338,2019
748,Tunisia,Middle East and Northern Africa,36.43542019,49.23117881,60.82725061,71.42857143,2019
749,Bangladesh,Southern Asia,36.34141756,30.04117534,56.44768856,63.36546889,2019
750,Iraq,Middle East and Northern Africa,35.98420756,55.75257275,59.6107056,50.30674847,2019
751,Congo (Kinshasa),Sub-Saharan Africa,35.62699756,5.024680573,68.43065693,31.28834356,2019
752,Mali,Sub-Saharan Africa,35.10058282,20.57980873,67.21411192,26.99386503,2019
753,Sierra Leone,Sub-Saharan Africa,34.79977439,14.32568504,51.15571776,21.20946538,2019
754,Sri Lanka,Southern Asia,34.64937018,50.72789217,76.94647202,72.83085013,2019
755,Myanmar,Southeastern Asia,34.53656702,37.95237454,71.83698297,48.64154251,2019
756,Chad,Sub-Saharan Africa,34.34856176,18.70891703,46.59367397,16.82734443,2019
757,Ukraine,Central and Eastern Europe,34.01015228,43.8323199,84.54987835,64.76774759,2019
758,Ethiopia,Sub-Saharan Africa,33.14532807,17.96056035,62.83454988,46.62576687,2019
759,Swaziland,Sub-Saharan Africa,31.75408911,43.35123346,69.89051095,0,2019
760,Uganda,Sub-Saharan Africa,31.32167701,17.74674415,65.0243309,38.82559159,2019
761,Egypt,Middle East and Northern Africa,30.8892649,48.80354642,63.19951338,56.44171779,2019
762,Zambia,Sub-Saharan Africa,29.78003384,30.89644012,64.35523114,37.33567046,2019
763,Togo,Sub-Saharan Africa,29.36642226,14.69986338,34.79318735,35.93339176,2019
764,India,Southern Asia,28.05038541,40.35780673,46.53284672,51.53374233,2019
765,Liberia,Sub-Saharan Africa,27.29836435,3.902145552,56.08272506,38.82559159,2019
766,Comoros,Sub-Saharan Africa,27.2607633,14.64640933,46.04622871,44.25942156,2019
767,Madagascar,Sub-Saharan Africa,26.50874224,14.64640933,55.71776156,48.64154251,2019
768,Lesotho,Sub-Saharan Africa,24.04587328,26.13902979,71.10705596,14.72392638,2019
769,Burundi,Sub-Saharan Africa,23.53825907,2.458886238,27.18978102,33.30411919,2019
770,Zimbabwe,Sub-Saharan Africa,21.43260011,19.56418181,67.76155718,37.9491674,2019
771,Haiti,Latin America and Caribbean,20.19176537,17.26565771,41.84914842,39.3514461,2019
772,Botswana,Sub-Saharan Africa,18.14250799,55.64566465,69.64720195,47.15162138,2019
773,Syria,Middle East and Northern Africa,17.6536943,33.08805612,22.99270073,38.56266433,2019
774,Malawi,Sub-Saharan Africa,16.67606693,10.20972329,34.06326034,43.38299737,2019
775,Yemen,Middle East and Northern Africa,16.11205114,15.34131196,70.74209246,40.57843996,2019
776,Rwanda,Sub-Saharan Africa,15.24722692,19.19000347,43.24817518,53.81244522,2019
777,Tanzania,Sub-Saharan Africa,13.3107727,25.44412716,53.83211679,43.73356705,2019
778,Afghanistan,Southern Asia,12.78435796,18.70891703,31.44768856,31.63891323,2019
779,Central African Republic,Sub-Saharan Africa,10.52829479,1.389805265,0,9.202453988,2019
780,South Sudan,-,6.204173717,16.35693889,34.9756691,25.85451358,2019
781,Finland,Western Europe,99.37394407,68.69858254,91.21203802,84.24815118,2020
782,Denmark,Western Europe,96.30757364,70.93077096,91.45068139,85.83107502,2020
783,Switzerland,Western Europe,94.69636787,74.34251443,89.56225103,91.19484531,2020
784,Iceland,Western Europe,93.65482068,70.90688149,94.13427536,87.71633707,2020
785,Norway,Western Europe,93.34461207,76.12964791,90.94723242,88.34985968,2020
786,Netherlands,Western Europe,92.60951726,71.57210291,89.02955809,85.51054724,2020
787,Sweden,Western Europe,90.81594076,70.67882615,87.18659988,86.45665741,2020
788,New Zealand,North America and ANZ,89.8025968,66.40692227,90.46340511,88.35567914,2020
789,Austria,Western Europe,89.70107058,70.41424524,87.43582269,87.72423558,2020
790,Luxembourg,Western Europe,88.63508537,82.14155629,84.39953887,86.45422305,2020
791,Canada,North America and ANZ,88.53355913,69.57833751,87.310943,89.61454382,2020
792,Australia,North America and ANZ,88.35870987,70.04599468,89.85074623,89.62381104,2020
793,United Kingdom,Western Europe,87.26264781,68.05026661,88.67670152,85.51271516,2020
794,Israel,Middle East and North Africa,86.58770673,65.024909,85.35625146,88.34819851,2020
795,Costa Rica,Latin America and Caribbean,86.45233839,52.44417937,83.62856515,82.35191376,2020
796,Ireland,Western Europe,85.93156481,77.34195623,89.45233777,85.51013979,2020
797,Germany,Western Europe,85.59503557,70.24848466,83.24475328,85.19849264,2020
798,United States,North America and ANZ,83.03440479,73.44515939,85.44931302,72.88501411,2020
799,Czech Republic,Central and Eastern Europe,82.49483204,64.80353809,85.47972445,78.40179229,2020
800,Belgium,Western Europe,81.60368712,69.26804231,85.07771217,84.56627073,2020
801,United Arab Emirates,Middle East and North Africa,80.23688842,76.49736318,76.10529155,69.04596301,2020
802,Malta,Western Europe,79.89847657,66.95190629,87.77110243,85.19211429,2020
803,France,Western Europe,77.84921532,67.78664792,88.73717628,90.24664566,2020
804,Mexico,Latin America and Caribbean,74.111678,54.75765814,74.59449507,72.88352533,2020
805,Taiwan Province of China,East Asia,73.93118989,70.95867488,82.58884842,76.98843085,2020
806,Uruguay,Latin America and Caribbean,73.64354565,57.24931054,86.68376727,75.10332033,2020
807,Saudi Arabia,Middle East and North Africa,73.01184176,71.32526227,79.68066381,66.59229947,2020
808,Spain,Western Europe,72.90655926,65.77709214,86.44155633,92.14225092,2020
809,Guatemala,Latin America and Caribbean,72.86896093,40.29450169,71.42743637,61.8713922,2020
810,Italy,Western Europe,72.6527571,66.09037589,81.95231144,89.61480508,2020
811,Singapore,Southeast Asia,72.45910869,81.22770999,84.88180718,99.72079606,2020
812,Brazil,Latin America and Caribbean,72.43090545,50.92459628,82.93577354,67.14452787,2020
813,Slovenia,Central and Eastern Europe,72.2015413,64.60736933,89.09231697,81.73076652,2020
814,El Salvador,Latin America and Caribbean,71.91765332,40.03389701,69.91469659,65.97107905,2020
815,Kosovo,Central and Eastern Europe,71.48336306,44.92713049,72.01720328,58.95785863,2020
816,Panama,Latin America and Caribbean,71.09983143,58.67478868,83.70737816,76.99794356,2020
817,Slovakia,Central and Eastern Europe,70.64485939,63.86891196,86.63815012,74.79975977,2020
818,Uzbekistan,Commonwealth of Independent States,70.21244277,37.23892063,87.22749647,62.81364706,2020
819,Chile,Latin America and Caribbean,69.66534854,58.63869009,80.49190335,77.93697003,2020
820,Bahrain,Middle East and North Africa,69.64279314,69.31345073,80.00752494,73.51764873,2020
821,Lithuania,Central and Eastern Europe,69.42094149,63.80059544,87.15728339,69.71263655,2020
822,Trinidad and Tobago,Latin America and Caribbean,68.97724715,62.41516667,85.60378473,57.7413284,2020
823,Poland,Central and Eastern Europe,68.87196467,62.50003187,79.70801527,76.07699176,2020
824,Colombia,Latin America and Caribbean,68.44143961,49.83006247,81.17098297,70.99212524,2020
825,Cyprus,Western Europe,68.35871254,64.82903974,69.90089757,89.93204181,2020
826,Nicaragua,Latin America and Caribbean,67.94698665,33.1432819,77.30004562,70.3850355,2020
827,Romania,Central and Eastern Europe,67.69505813,59.89000276,72.65438564,69.43863804,2020
828,Kuwait,Middle East and North Africa,67.28896212,76.16312752,75.71653437,68.05161551,2020
829,Mauritius,Sub-Saharan Africa,67.27391921,57.39168502,84.89457652,66.90529439,2020
830,Kazakhstan,Commonwealth of Independent States,66.45797992,60.00720696,88.39827822,61.24355311,2020
831,Estonia,Central and Eastern Europe,65.77928259,63.74081126,88.39613911,73.84881753,2020
832,Philippines,Southeast Asia,65.48223429,41.43333833,75.75314556,52.77734277,2020
833,Hungary,Central and Eastern Europe,65.3769518,62.23692928,86.55774915,70.70936626,2020
834,Thailand,Southeast Asia,65.34686597,53.82979293,81.96590736,69.57544663,2020
835,Argentina,Latin America and Caribbean,64.89377654,54.97565177,83.48805918,74.47622305,2020
836,Honduras,Latin America and Caribbean,64.48956313,32.0063378,72.18151484,69.41191779,2020
837,Latvia,Central and Eastern Europe,64.42940043,61.01220792,86.0339896,68.17725013,2020
838,Ecuador,Latin America and Caribbean,63.96315071,45.61680853,74.27175262,73.51776889,2020
839,Portugal,Western Europe,63.69430562,62.47713649,81.47994824,85.82956012,2020
840,Jamaica,Latin America and Caribbean,63.29761369,41.64382546,85.66235973,69.10027064,2020
841,South Korea,East Asia,62.97047955,66.56636159,68.95137092,89.61810657,2020
842,Japan,East Asia,62.94040267,67.71153221,81.04249945,94.02991595,2020
843,Peru,Latin America and Caribbean,61.54916595,49.10017256,73.5040129,72.25628177,2020
844,Serbia,Central and Eastern Europe,61.19947641,52.82231957,80.7450708,72.60326854,2020
845,Bolivia,Latin America and Caribbean,60.62229635,39.073645,69.48604343,58.0583404,2020
846,Pakistan,South Asia,59.60330457,32.97042909,53.10094775,41.18608606,2020
847,Paraguay,Latin America and Caribbean,59.58074916,48.00124514,83.22369586,64.49339579,2020
848,Dominican Republic,Latin America and Caribbean,59.52622531,52.55558488,80.83265773,65.02205925,2020
849,Bosnia and Herzegovina,Central and Eastern Europe,59.24233732,49.0919556,73.23519015,71.33463514,2020
850,Moldova,Commonwealth of Independent States,57.99022516,37.84101886,75.26229915,62.51528948,2020
851,Tajikistan,Commonwealth of Independent States,57.01635317,25.38397083,74.11056624,59.64897476,2020
852,Montenegro,Central and Eastern Europe,56.83587404,53.99661126,76.98649039,73.53452191,2020
853,Russia,Commonwealth of Independent States,56.83399143,60.24269236,83.85913072,59.6359255,2020
854,Kyrgyzstan,Commonwealth of Independent States,56.74939071,27.43160059,81.57157403,59.65345162,2020
855,Belarus,Commonwealth of Independent States,56.71930487,54.46189796,84.37587105,65.95868273,2020
856,North Cyprus,Western Europe,56.63658676,64.82903974,71.96405943,89.93204181,2020
857,Greece,Western Europe,56.25117251,60.29991486,71.10544799,85.83976757,2020
858,Hong Kong S.A.R. of China,East Asia,56.16468919,73.59265077,75.64381235,99.61705995,2020
859,Croatia,Central and Eastern Europe,56.05753307,59.28183814,79.76063704,78.92862209,2020
860,Libya,Middle East and North Africa,55.75860216,54.62542822,72.7666483,53.95500727,2020
861,Mongolia,East Asia,55.14570639,48.36911334,88.74273796,53.96916407,2020
862,Malaysia,Southeast Asia,53.79395059,62.45686644,71.41133151,69.10708782,2020
863,Vietnam,Southeast Asia,53.21488793,38.38494512,76.22109276,71.79088493,2020
864,Indonesia,Southeast Asia,51.93833775,47.66608232,70.24336326,53.50017844,2020
865,Ivory Coast,Sub-Saharan Africa,50.95507067,28.70987094,48.64521052,13.57953663,2020
866,Benin,Sub-Saharan Africa,50.62981914,19.57726223,21.4372528,28.75223067,2020
867,Maldives,South Asia,50.28388584,50.13264414,85.29729939,80.14369492,2020
868,Congo (Brazzaville),Sub-Saharan Africa,50.22372314,33.86938031,46.08491551,40.14909062,2020
869,Azerbaijan,Commonwealth of Independent States,49.66723382,52.93408514,71.81344532,64.07835732,2020
870,Macedonia,Central and Eastern Europe,49.57322905,49.99942013,71.96919325,70.37634812,2020
871,Ghana,Sub-Saharan Africa,49.35137738,30.78218033,58.78150608,37.8757454,2020
872,Nepal,South Asia,49.14833388,23.73629019,66.95798717,58.62220771,2020
873,Turkey,Middle East and North Africa,49.0468166,60.25175998,72.81990091,68.47811516,2020
874,China,East Asia,48.89828797,52.9480212,68.86135487,76.00775942,2020
875,Turkmenistan,Commonwealth of Independent States,48.80804839,53.93318856,91.87815979,53.67642743,2020
876,Bulgaria,Central and Eastern Europe,48.477158,55.94258505,88.84299988,68.16624864,2020
877,Morocco,Middle East and North Africa,48.35119374,40.55142318,39.24625779,65.30209658,2020
878,Cameroon,Sub-Saharan Africa,48.16506678,26.93859791,54.72788625,23.68006599,2020
879,Venezuela,Latin America and Caribbean,47.56908757,41.17237363,82.02839799,67.22397283,2020
880,Algeria,Middle East and North Africa,46.66478235,50.4529246,69.52576539,65.33028475,2020
881,Senegal,Sub-Saharan Africa,46.20793668,26.94414494,58.06529319,45.43312068,2020
882,Guinea,Sub-Saharan Africa,45.61571371,20.84749239,45.70352555,29.24235215,2020
883,Niger,Sub-Saharan Africa,44.86933222,5.790694837,42.81022762,26.18898799,2020
884,Laos,Southeast Asia,44.4745229,38.20327951,60.06033388,42.62736915,2020
885,Albania,Central and Eastern Europe,44.36360154,48.46427609,50.5160531,74.1743759,2020
886,Cambodia,Southeast Asia,43.71874631,29.11294247,65.17189988,51.52535793,2020
887,Bangladesh,South Asia,43.42545424,29.72880474,52.84675067,60.90626705,2020
888,Gabon,Sub-Saharan Africa,43.3596527,52.81497241,67.29911861,45.79972323,2020
889,South Africa,Sub-Saharan Africa,43.0738821,48.22305892,76.58675493,35.67345039,2020
890,Iraq,Middle East and North Africa,42.52303164,52.49287585,61.5247337,46.39357564,2020
891,Lebanon,Middle East and North Africa,42.27298573,47.53307817,72.53609002,69.1210461,2020
892,Burkina Faso,Sub-Saharan Africa,42.22034448,16.16812016,56.53198905,27.41751753,2020
893,Gambia,Sub-Saharan Africa,41.88005003,13.73718547,53.69091776,30.95949877,2020
894,Mali,Sub-Saharan Africa,41.47960184,18.84055559,59.19353589,20.59434899,2020
895,Nigeria,Sub-Saharan Africa,41.38184082,34.5260694,60.01933936,14.70954741,2020
896,Armenia,Commonwealth of Independent States,40.49256954,43.20489808,62.93046794,67.99800789,2020
897,Georgia,Commonwealth of Independent States,40.41360767,45.2861668,44.4765146,60.8814745,2020
898,Iran,Middle East and North Africa,40.40985144,55.02145526,53.90943911,65.6488901,2020
899,Jordan,Middle East and North Africa,39.67663025,41.97100705,69.35027974,68.15291201,2020
900,Mozambique,Sub-Saharan Africa,39.4923859,9.554449674,58.10236484,28.41574391,2020
901,Kenya,Sub-Saharan Africa,38.72908785,25.46622501,55.05339142,47.0037475,2020
902,Namibia,Sub-Saharan Africa,38.50536257,44.90578357,75.77482658,35.65917353,2020
903,Ukraine,Commonwealth of Independent States,38.30983155,41.71738951,80.37204872,61.2335128,2020
904,Liberia,Sub-Saharan Africa,38.2571903,9.306510607,56.00571344,34.38074268,2020
905,Palestinian Territories,Middle East and North Africa,38.16131188,31.42131713,72.6736955,53.79724566,2020
906,Uganda,Sub-Saharan Africa,35.89020793,16.69570007,64.01018212,33.15614934,2020
907,Chad,Sub-Saharan Africa,35.71535868,16.15849014,44.95853273,9.530595968,2020
908,Tunisia,Middle East and North Africa,35.14194384,46.75853815,53.05156363,68.46246442,2020
909,Mauritania,Sub-Saharan Africa,34.81105347,28.84834247,67.72041174,37.26422577,2020
910,Sri Lanka,South Asia,33.9161523,48.00103801,72.68492032,69.41601332,2020
911,Congo (Kinshasa),Sub-Saharan Africa,33.61533879,3.340208155,50.67244641,24.29553497,2020
912,Swaziland,Sub-Saharan Africa,33.56082391,44.23534963,64.77099702,18.89446345,2020
913,Myanmar,Southeast Asia,33.5589413,36.24670556,66.79916466,43.42182962,2020
914,Comoros,Sub-Saharan Africa,33.19420884,22.21661307,43.99226314,38.33333252,2020
915,Togo,Sub-Saharan Africa,31.28783736,14.33189993,33.31039288,30.03778948,2020
916,Ethiopia,Sub-Saharan Africa,31.2690382,16.84474151,60.89436022,42.40545548,2020
917,Madagascar,Sub-Saharan Africa,30.88174136,13.07235908,50.10306253,43.8752872,2020
918,Egypt,Middle East and North Africa,30.61477889,46.78453039,59.76517853,52.31475118,2020
919,Sierra Leone,Sub-Saharan Africa,26.38465776,12.85892642,45.49786776,17.87501893,2020
920,Burundi,Sub-Saharan Africa,23.54389972,0,24.54837415,25.87316696,2020
921,Zambia,Sub-Saharan Africa,23.24496881,28.69593809,54.50348425,31.86619982,2020
922,Haiti,Latin America and Caribbean,22.51926909,15.22020797,39.33524057,32.81040578,2020
923,Lesotho,Sub-Saharan Africa,21.2408363,24.31831754,66.23722774,8.84617099,2020
924,India,South Asia,19.74619073,39.05225349,39.18483309,47.37687467,2020
925,Malawi,Sub-Saharan Africa,19.08253632,9.436495886,32.26083273,39.10283059,2020
926,Yemen,Middle East and North Africa,18.88324905,20.99149979,71.62269592,36.37161876,2020
927,Botswana,Sub-Saharan Africa,17.97142237,53.32303262,66.03982908,43.30427108,2020
928,Tanzania,Sub-Saharan Africa,17.92066373,24.43721993,53.08239927,38.79735802,2020
929,Central African Republic,Sub-Saharan Africa,17.9150204,2.19546907,0,0,2020
930,Rwanda,Sub-Saharan Africa,14.83925488,18.34771065,31.80512908,50.16505565,2020
931,Zimbabwe,Sub-Saharan Africa,14.59296969,22.74811988,63.73693619,32.86920342,2020
932,South Sudan,Sub-Saharan Africa,5.519836135,15.45265536,33.65441034,18.30052875,2020
933,Afghanistan,South Asia,0.825343392,16.07394514,21.68089045,23.31739974,2020
934,Finland,Western Europe,100,77.29455435,67.27493917,64.94303243,2021
935,Denmark,Western Europe,95.82628314,80.28798108,67.39659367,66.87116564,2021
936,Switzerland,Western Europe,94.90505734,83.70904019,65.63260341,71.51621385,2021
937,Iceland,Western Europe,94.58544839,79.2189001,71.28953771,67.65994741,2021
938,Netherlands,Western Europe,92.89340102,80.23452703,65.63260341,65.99474145,2021
939,Norway,Western Europe,91.53976311,82.47959707,67.39659367,68.5363716,2021
940,Sweden,Western Europe,90.99454785,79.00508391,64.59854015,66.87116564,2021
941,Luxembourg,Western Europe,90.26132732,93.59803919,61.00973236,66.60823839,2021
942,New Zealand,North America and ANZ,89.37770258,74.83566811,66.54501217,68.79929886,2021
943,Austria,Western Europe,89.20849784,79.75344059,64.59854015,68.5363716,2021
944,Australia,North America and ANZ,87.61045309,77.66873269,65.45012165,70.20157756,2021
945,Israel,Middle East and North Africa,87.12163941,73.55277095,65.32846715,69.06222612,2021
946,Germany,Western Europe,87.08403835,79.11199201,60.40145985,66.34531113,2021
947,Canada,North America and ANZ,86.10641098,77.3480084,63.50364964,69.93865031,2021
948,Ireland,Western Europe,85.7680015,87.87845599,66.42335766,65.99474145,2021
949,Costa Rica,Latin America and Caribbean,85.46719308,60.61689117,58.75912409,63.27782647,2021
950,United Kingdom,Western Europe,85.37319045,76.06511123,64.59854015,66.34531113,2021
951,Czech Republic,Central and Eastern Europe,83.51193833,73.23204665,66.30170316,61.61262051,2021
952,United States,North America and ANZ,83.24873096,81.94505659,62.65206813,54.42594216,2021
953,Belgium,Western Europe,81.04906937,78.20327318,60.70559611,65.46888694,2021
954,France,Western Europe,78.34179357,75.95820314,65.75425791,70.46450482,2021
955,Bahrain,Middle East and North Africa,77.53337093,75.31675455,54.6836983,58.01928133,2021
956,Malta,Western Europe,76.68734725,75.42366265,64.17274939,65.46888694,2021
957,Taiwan Province of China,East Asia,76.34893777,79.11199201,59.7323601,58.28220859,2021
958,United Arab Emirates,Middle East and North Africa,75.91652566,83.12104566,52.31143552,52.05959684,2021
959,Saudi Arabia,Middle East and North Africa,74.65689039,76.70655982,58.63746959,50.04382121,2021
960,Spain,Western Europe,74.60048881,73.4993169,64.29440389,72.39263804,2021
961,Italy,Western Europe,74.4500846,74.46148977,57.17761557,69.93865031,2021
962,Slovenia,Central and Eastern Europe,74.03647302,72.69750617,66.48418491,63.27782647,2021
963,Guatemala,Latin America and Caribbean,73.54765933,45.16867111,48.05352798,45.48641543,2021
964,Uruguay,Latin America and Caribbean,73.47245723,62.22051263,63.38199513,56.87992989,2021
965,Singapore,Southeast Asia,72.4572288,90.60461247,61.98296837,78.61524978,2021
966,Kosovo,Central and Eastern Europe,72.36322617,50.08644359,49.08759124,42.33128834,2021
967,Slovakia,Central and Eastern Europe,71.59240459,69.70407944,64.84184915,57.23049956,2021
968,Brazil,Latin America and Caribbean,71.57360406,54.95076202,57.42092457,50.04382121,2021
969,Mexico,Latin America and Caribbean,71.32919722,60.18925878,50.486618,55.5652936,2021
970,Jamaica,Latin America and Caribbean,71.17879301,47.62755735,56.69099757,52.49780894,2021
971,Lithuania,Central and Eastern Europe,70.16356458,72.16296568,64.7810219,53.63716039,2021
972,Cyprus,Western Europe,69.56194773,73.606225,46.53284672,70.20157756,2021
973,Estonia,Central and Eastern Europe,68.92272984,71.84224139,65.63260341,56.09114812,2021
974,Panama,Latin America and Caribbean,68.7535251,69.38335515,59.36739659,58.45749343,2021
975,Uzbekistan,Commonwealth of Independent States,68.73472457,41.10616341,62.46958637,46.2751972,2021
976,Chile,Latin America and Caribbean,68.60312089,64.14485838,57.54257908,59.42156004,2021
977,Poland,Central and Eastern Europe,68.49031773,69.97134969,59.7323601,58.54513585,2021
978,Kazakhstan,Commonwealth of Independent States,68.22711036,65.74847984,67.09245742,46.18755478,2021
979,Romania,Central and Eastern Europe,68.00150404,68.15391203,50.60827251,52.14723926,2021
980,Kuwait,Middle East and North Africa,67.36228614,78.09636508,52.12895377,50.83260298,2021
981,Serbia,Central and Eastern Europe,66.8358714,58.85290757,56.20437956,55.5652936,2021
982,El Salvador,Latin America and Caribbean,66.51626246,45.16867111,41.05839416,49.5179667,2021
983,Mauritius,Sub-Saharan Africa,66.29065614,62.96886931,60.58394161,50.30674847,2021
984,Latvia,Central and Eastern Europe,65.97104719,68.68845252,63.68613139,51.44609991,2021
985,Colombia,Latin America and Caribbean,65.59503666,54.57658367,52.67639903,53.90008764,2021
986,Hungary,Central and Eastern Europe,65.21902613,69.5437173,65.87591241,53.90008764,2021
987,Thailand,Southeast Asia,65.08742245,59.17363186,58.21167883,52.23488168,2021
988,Nicaragua,Latin America and Caribbean,64.8430156,37.04365572,54.98783455,52.93602103,2021
989,Japan,East Asia,64.24139876,74.24767358,57.72506083,73.44434706,2021
990,Argentina,Latin America and Caribbean,64.03459297,62.11360453,59.6107056,56.61700263,2021
991,Portugal,Western Europe,64.03459297,70.71970637,57.11678832,66.60823839,2021
992,Honduras,Latin America and Caribbean,63.8465877,37.5781962,47.87104623,51.97195443,2021
993,Croatia,Central and Eastern Europe,63.15096823,66.87101487,63.19951338,61.61262051,2021
994,Philippines,Southeast Asia,63.11336717,45.5963035,50.3649635,37.33567046,2021
995,South Korea,East Asia,62.45534875,74.99603026,46.10705596,70.20157756,2021
996,Peru,Latin America and Caribbean,62.36134612,52.70569197,50.66909976,54.60122699,2021
997,Bosnia and Herzegovina,Central and Eastern Europe,61.8537319,55.16457821,55.90024331,54.1630149,2021
998,Moldova,Commonwealth of Independent States,60.97010716,52.65223792,54.01459854,47.50219106,2021
999,Ecuador,Latin America and Caribbean,60.93250611,49.97953549,49.02676399,56.09114812,2021
1000,Kyrgyzstan,Commonwealth of Independent States,60.55649558,35.54694235,59.06326034,43.90885188,2021
1001,Greece,Western Europe,60.16168453,68.04700394,49.33090024,66.60823839,2021
1002,Bolivia,Latin America and Caribbean,60.03008084,45.00830897,47.56690998,42.5942156,2021
1003,Mongolia,East Asia,59.29686031,51.636611,64.7810219,38.73794917,2021
1004,Paraguay,Latin America and Caribbean,58.84564768,52.54532983,59.00243309,48.11568799,2021
1005,Montenegro,Central and Eastern Europe,57.49200978,61.73942619,54.19708029,55.82822086,2021
1006,Dominican Republic,Latin America and Caribbean,56.81519083,59.12017781,53.46715328,48.64154251,2021
1007,North Cyprus,Western Europe,56.64598609,73.606225,49.02676399,70.20157756,2021
1008,Belarus,Commonwealth of Independent States,56.60838503,60.08235069,61.25304136,49.0797546,2021
1009,Russia,Commonwealth of Independent States,55.53675503,66.33647438,60.3406326,44.78527607,2021
1010,Hong Kong S.A.R. of China,East Asia,55.53675503,81.5174242,51.15571776,78.26468011,2021
1011,Tajikistan,Commonwealth of Independent States,55.32994924,27.15465672,54.44038929,43.64592463,2021
1012,Vietnam,Southeast Asia,54.29592029,43.67195775,53.10218978,53.98773006,2021
1013,Libya,Middle East and North Africa,54.27711976,55.80602679,49.93917275,38.12445223,2021
1014,Malaysia,Southeast Asia,53.78830607,67.29864725,48.47931873,51.44609991,2021
1015,Indonesia,Southeast Asia,53.05508554,50.99516242,47.81021898,37.9491674,2021
1016,Congo (Brazzaville),Sub-Saharan Africa,52.99868396,27.6891972,23.84428224,26.90622261,2021
1017,China,East Asia,52.94228238,56.71474562,47.74939173,58.28220859,2021
1018,Ivory Coast,Sub-Saharan Africa,52.32186501,35.76075855,24.8783455,4.557405784,2021
1019,Armenia,Commonwealth of Independent States,51.8894529,53.24023246,46.10705596,51.27081507,2021
1020,Nepal,South Asia,51.62624553,27.74265125,42.70072993,43.47063979,2021
1021,Bulgaria,Central and Eastern Europe,51.56984396,63.12923146,64.17274939,51.09553024,2021
1022,Maldives,South Asia,50.29140816,59.60126425,61.73965937,61.08676599,2021
1023,Azerbaijan,Commonwealth of Independent States,49.78379395,54.79039987,51.15571776,47.41454864,2021
1024,Cameroon,Sub-Saharan Africa,49.23857868,29.02554842,33.81995134,13.93514461,2021
1025,Senegal,Sub-Saharan Africa,49.05057342,27.6891972,33.94160584,31.28834356,2021
1026,Albania,Central and Eastern Europe,48.76856552,53.88168104,32.17761557,56.61700263,2021
1027,North Macedonia,Central and Eastern Europe,48.4677571,57.08892396,46.95863747,46.88869413,2021
1028,Ghana,Sub-Saharan Africa,48.22335025,36.34875308,36.19221411,25.15337423,2021
1029,Niger,Sub-Saharan Africa,47.96014288,8.659555882,24.45255474,14.63628396,2021
1030,Turkmenistan,Commonwealth of Independent States,47.80973867,55.91293489,71.28953771,38.47502191,2021
1031,Gambia,Sub-Saharan Africa,47.52773078,19.61763586,31.08272506,18.40490798,2021
1032,Benin,Sub-Saharan Africa,47.41492762,27.10120267,3.527980535,17.17791411,2021
1033,Laos,Southeast Asia,47.13291972,43.19087131,36.37469586,28.92199825,2021
1034,Bangladesh,South Asia,47.03891709,33.94332089,31.63017032,45.04820333,2021
1035,Guinea,Sub-Saharan Africa,46.26809551,22.45070043,24.27007299,18.0543383,2021
1036,South Africa,Sub-Saharan Africa,45.74168077,51.69006505,54.44038929,23.22524102,2021
1037,Turkey,Middle East and North Africa,45.59127656,67.3521013,49.20924574,51.70902717,2021
1038,Pakistan,South Asia,45.32806919,34.05022899,25.72992701,28.2208589,2021
1039,Morocco,Middle East and North Africa,45.02726076,42.33560653,13.32116788,48.90446976,2021
1040,Venezuela,Latin America and Caribbean,44.53844708,45.54284945,54.5620438,50.30674847,2021
1041,Georgia,Commonwealth of Independent States,44.51964655,55.05767011,28.58880779,43.64592463,2021
1042,Algeria,Middle East and North Africa,44.44444444,50.56753003,46.53284672,48.37861525,2021
1043,Ukraine,Commonwealth of Independent States,44.21883813,52.33151363,58.27250608,45.31113059,2021
1044,Iraq,Middle East and North Africa,43.82402707,48.64318427,38.80778589,33.39176161,2021
1045,Gabon,Sub-Saharan Africa,43.78642602,55.43184845,43.00486618,31.72655565,2021
1046,Burkina Faso,Sub-Saharan Africa,43.44801654,19.45727371,28.71046229,15.68799299,2021
1047,Cambodia,Southeast Asia,43.37281444,32.23279134,41.36253041,37.33567046,2021
1048,Mozambique,Sub-Saharan Africa,42.69599549,9.782090904,38.56447689,17.17791411,2021
1049,Nigeria,Sub-Saharan Africa,42.03797706,35.44003426,38.01703163,4.469763365,2021
1050,Mali,Sub-Saharan Africa,41.36115811,20.68671683,35.88807786,9.640666082,2021
1051,Iran,Middle East and North Africa,41.32355706,55.05767011,33.88077859,49.16739702,2021
1052,Uganda,Sub-Saharan Africa,39.72551231,19.45727371,43.67396594,21.03418054,2021
1053,Liberia,Sub-Saharan Africa,39.51870652,12.18752309,35.27980535,22.17353199,2021
1054,Kenya,Sub-Saharan Africa,39.18029705,32.23279134,30.90024331,33.74233129,2021
1055,Tunisia,Middle East and North Africa,38.97349126,49.12427071,31.32603406,51.70902717,2021
1056,Lebanon,Middle East and North Africa,38.74788494,55.85948084,52.79805353,52.14723926,2021
1057,Namibia,Sub-Saharan Africa,38.55987968,47.14647091,48.72262774,22.96231376,2021
1058,Palestinian Territories,Middle East and North Africa,37.48824967,34.53131543,49.81751825,38.03680982,2021
1059,Myanmar,Southeast Asia,35.77740177,35.6003964,43.36982968,29.88606486,2021
1060,Jordan,Middle East and North Africa,35.19458545,47.5741033,41.66666667,51.09553024,2021
1061,Chad,Sub-Saharan Africa,34.44256439,13.63078241,21.47201946,0,2021
1062,Sri Lanka,South Asia,33.8785486,52.91950817,49.8783455,51.97195443,2021
1063,Swaziland,Sub-Saharan Africa,33.55893965,45.38248731,42.15328467,6.485539001,2021
1064,Comoros,Sub-Saharan Africa,33.20172965,26.08557574,22.32360097,24.45223488,2021
1065,Egypt,Middle East and North Africa,33.08892649,50.99516242,39.35523114,37.33567046,2021
1066,Ethiopia,Sub-Saharan Africa,32.93852228,19.777998,41.30170316,29.00964067,2021
1067,Mauritania,Sub-Saharan Africa,32.03609701,35.6003964,45.55961071,23.92638037,2021
1068,Madagascar,Sub-Saharan Africa,31.67888701,14.21877694,30.59610706,29.88606486,2021
1069,Togo,Sub-Saharan Africa,29.78003384,13.57732836,14.5377129,17.79141104,2021
1070,Zambia,Sub-Saharan Africa,29.14081594,28.22373769,33.57664234,20.24539877,2021
1071,Sierra Leone,Sub-Saharan Africa,24.92949803,14.91367957,22.93187348,8.764241893,2021
1072,India,South Asia,24.36548223,39.60945005,19.22141119,33.56704645,2021
1073,Burundi,Sub-Saharan Africa,23.53825907,0,3.771289538,13.58457493,2021
1074,Yemen,Middle East and North Africa,21.33859748,17.58638201,50.54744526,23.83873795,2021
1075,Tanzania,Sub-Saharan Africa,20.68057906,23.14560307,32.84671533,26.29272568,2021
1076,Haiti,Latin America and Caribbean,20.53017484,15.7154903,10.52311436,19.8948291,2021
1077,Malawi,Sub-Saharan Africa,20.24816695,6.040307498,10.2189781,26.11744084,2021
1078,Lesotho,Sub-Saharan Africa,18.59372062,24.10777594,44.46472019,0.613496933,2021
1079,Botswana,Sub-Saharan Africa,17.74769694,58.74599947,44.03892944,29.79842244,2021
1080,Rwanda,Sub-Saharan Africa,16.77006956,19.45727371,12.28710462,35.6704645,2021
1081,Zimbabwe,Sub-Saharan Africa,11.69392743,24.42850023,39.47688564,21.2971078,2021
1082,Afghanistan,South Asia,0,19.777998,0,11.04294479,2021
