,Happiness Score,Economy (GDP per Capita),Family (Social Support),Health (Life Expectancy),Year
0,0.9520586576424142,0.7464911348463515,0.8208698296836984,0.8250920245398773,2015
1,0.9471705207745819,0.6961427664199329,0.8529379562043796,0.8307099035933392,2015
2,0.9407783417935703,0.7085227240880065,0.827603406326034,0.766555652936021,2015
3,0.9398383154728335,0.7798945698497161,0.8095802919708031,0.7758194566170027,2015
4,0.9219778153788307,0.7089557018820972,0.804507299270073,0.7937160385626644,2015
5,0.9180297048317353,0.6896908627474956,0.8018613138686131,0.7792375109553024,2015
6,0.9127655574356084,0.7106395044146719,0.7786922141119222,0.7825065731814198,2015
7,0.9101334837375447,0.7118529113190989,0.7841058394160584,0.7983085013146363,2015
8,0.8954690731340479,0.6682718254521713,0.8027189781021897,0.7961174408413673,2015
9,0.8950930626057529,0.7128525020289131,0.7963686131386861,0.8164417177914111,2015
10,0.8939650310208686,0.6567204055382218,0.7444829683698297,0.8009377738825592,2015
11,0.8841887572852041,0.5109031062172458,0.7529683698296838,0.7539614373356704,2015
12,0.8793006204173718,0.7148035748047538,0.7889537712895377,0.7803856266432954,2015
13,0.8768565519834557,0.5455199481250371,0.556271289537713,0.7137949167397021,2015
14,0.8640721940214328,0.7454220538732882,0.7585827250608272,0.755293602103418,2015
15,0.8385034780973867,0.5245125070043423,0.7499209245742092,0.6108851884312007,2015
16,0.8315472833239332,0.8359732122917541,0.741867396593674,0.8053812445223488,2015
17,0.8304192517390488,0.7141247083868586,0.8330170316301704,0.7846888694127957,2015
18,0.8298552359466066,0.6990827390958572,0.7820316301703164,0.7858632778264679,2015
19,0.8230870464373005,0.7629336002120659,0.6847627737226278,0.7092462751971954,2015
20,0.8166948674562888,0.6769260359291192,0.7819221411192214,0.7970464504820333,2015
21,0.8140627937582254,0.7270338611365985,0.6580413625304137,0.6685013146362839,2015
22,0.8059785673998872,0.5581885576558379,0.7639659367396594,0.6314811568799299,2015
23,0.8037225042301187,0.8134957848330971,0.6204379562043796,0.8985539000876424,2015
24,0.8014664410603498,0.5684998436410339,0.7290145985401459,0.6981682734443471,2015
25,0.7946982515510437,0.7098270028751439,0.7903710462287105,0.7816476774758984,2015
26,0.779657830419252,0.5918164996635457,0.6839841849148419,0.7524715162138476,2015
27,0.7685655198345553,0.9035979292428766,0.6560827250608273,0.6987992988606485,2015
28,0.7617973303252492,0.6830251428804456,0.7666545012165451,0.8289132340052585,2015
29,0.7616093250611019,0.5631437479659864,0.7592639902676399,0.6899474145486415,2015
30,0.7486369618349314,0.6302125428111159,0.7338381995133819,0.7404294478527607,2015
31,0.7448768565519837,0.5675002529312198,0.7353406326034064,0.7113058720420683,2015
32,0.7433728144388044,0.49103423633286336,0.754367396593674,0.605407537248028,2015
33,0.7392366986275617,0.516847196427478,0.7694890510948905,0.647239263803681,2015
34,0.7309644670050762,0.7459031403111667,0.6593248175182482,0.6312445223488168,2015
35,0.7155480353449897,0.6575435978874806,0.7991423357664235,0.8375284837861525,2015
36,0.71047189321301,0.6454041834383463,0.7919890510948906,0.7775723049956179,2015
37,0.7097198721564205,0.6900810773026638,0.6546046228710463,0.767134092900964,2015
38,0.7091558563639783,0.8307935149772622,0.7092092457420924,0.6353374233128835,2015
39,0.704267719496146,0.5320495278644389,0.5912408759124088,0.5330411919368975,2015
40,0.685279187817259,0.6477721977936816,0.7199148418491484,0.538851884312007,2015
41,0.6781349877796579,0.40867758357292794,0.6235218978102189,0.5936634531113059,2015
42,0.6768189509306262,0.3985159689239608,0.6347688564476887,0.5646362839614373,2015
43,0.6542583192329386,0.3380647853020935,0.8153467153284673,0.5238562664329536,2015
44,0.6527542771197594,0.6248297201117419,0.7725,0.6915162138475023,2015
45,0.6512502350065803,0.6792619778552625,0.7646715328467154,0.8686327782646801,2015
46,0.650686219214138,0.6652944349421899,0.5825669099756692,0.846082383873795,2015
47,0.6489941718368114,0.4618536711730991,0.6076824817518248,0.6930324276950043,2015
48,0.6461740928746006,0.7076033144511721,0.7398053527980536,0.654829097283085,2015
49,0.6439180297048319,0.6687849843192417,0.7285705596107056,0.8365118317265556,2015
50,0.6330137243842828,0.3641984696886271,0.595139902676399,0.47256792287467136,2015
51,0.6328257191201355,0.31777362843335105,0.6175669099756691,0.5418580192813321,2015
52,0.6307576612145142,0.4061705886910944,0.7936557177615572,0.5792988606485538,2015
53,0.6264335401391241,0.6000430777512682,0.6827311435523115,0.5641367221735321,2015
54,0.6251175032900922,0.633419785730306,0.7748479318734793,0.7654425942156003,2015
55,0.6222974243278813,0.6132408823637352,0.7648722627737227,0.6409114811568799,2015
56,0.6213573980071443,0.31711614363491714,0.6945498783454988,0.6513058720420684,2015
57,0.6206053769505546,0.4811880005709499,0.592816301703163,0.6399386503067485,2015
58,0.6185373190449333,0.5516030188617675,0.749933090024331,0.6451183172655565,2015
59,0.6144012032336907,0.6016520446157285,0.778272506082725,0.682760736196319,2015
60,0.6104530926865952,0.6012832116800216,0.6509914841849149,0.634478527607362,2015
61,0.608385034780974,0.5786614582900012,0.484330900243309,0.6906660823838738,2015
62,0.6074450084602369,0.6048058334862654,0.6804257907542579,0.6168273444347063,2015
63,0.600300808422636,0.6081146390978964,0.7519282238442823,0.586555652936021,2015
64,0.5989847715736041,0.43318091947554,0.7001338199513382,0.6024627519719544,2015
65,0.5963526978755407,0.645756980159457,0.6509002433090024,0.80943032427695,2015
66,0.5952246662906562,0.6457943979935142,0.5432968369829684,0.80943032427695,2015
67,0.579432224102275,0.5020885335943384,0.6555474452554745,0.5413321647677476,2015
68,0.5764241398759167,0.42842350914540805,0.49390510948905114,0.5533041191936897,2015
69,0.5687159240458733,0.512341020126016,0.7461557177615572,0.47226993865030675,2015
70,0.5553675502914083,0.5386083396341825,0.5992761557177616,0.6218229623137599,2015
71,0.5548035344989661,0.7408944959523649,0.643661800486618,0.8880631025416301,2015
72,0.5463432976123332,0.6156516599579931,0.746903892944039,0.6780105170902717,2015
73,0.5407031396879113,0.44274384877959166,0.6612408759124089,0.5590972830850132,2015
74,0.5333709343861629,0.33791511396586466,0.5549026763990268,0.6544785276073619,2015
75,0.5281067869900358,0.5671367654003782,0.5756204379562044,0.6412971078001753,2015
76,0.5194585448392555,0.2535218619522435,0.7002128953771289,0.5704469763365468,2015
77,0.5160744500846024,0.3497765673620025,0.55007299270073,0.1402892199824715,2015
78,0.5132543711223915,0.4118206816337342,0.6715024330900243,0.5031288343558282,2015
79,0.5055461552923483,0.5473106587549182,0.5705170316301704,0.5613058720420683,2015
80,0.5021620605376951,0.3182814418955561,0.25189172749391725,0.45106047326906223,2015
81,0.5017860500094004,0.48214482804184156,0.6410705596107056,0.6103330411919369,2015
82,0.5017860500094004,0.5208455592667349,0.5508333333333334,0.6355915863277827,2015
83,0.49200977627373566,0.4758051778715759,0.57588199513382,0.7156704645048203,2015
84,0.4899417183681143,0.25143715405477,0.5572506082725062,0.2622611744084137,2015
85,0.4890016920473773,0.5577662706714779,0.5388564476885646,0.6738825591586328,2015
86,0.48881368678323,0.49206055406700416,0.6141362530413627,0.6558808063102541,2015
87,0.48486557623613474,0.6200188557329569,0.6930352798053528,0.7670376862401402,2015
88,0.4841135551795451,0.5950077063681398,0.6664355231143553,0.6348553900087642,2015
89,0.47941342357586025,0.37702209596052205,0.6296593673965938,0.5093251533742331,2015
90,0.4764053393495019,0.10074484549662507,0.5787834549878346,0.3845135845749343,2015
91,0.4681331077270164,0.3927750040986106,0.38987226277372267,0.5342156003505697,2015
92,0.467005076142132,0.4909807822842102,0.6096836982968371,0.6445661700262928,2015
93,0.4602368866328258,0.044409623621051685,0.6242457420924574,0.08002629272567922,2015
94,0.45798082346305696,0.46968468930078816,0.48925790754257914,0.712751971954426,2015
95,0.456100770821583,0.4448606291062571,0.5590997566909975,0.6930850131463628,2015
96,0.4465125023500658,0.20069322566831793,0.6332299270072993,0.0667134092900964,2015
97,0.44406843391614964,0.47861151542586716,0.7129075425790755,0.5856704645048203,2015
98,0.4423763865388232,0.31573168377480004,0.4489233576642336,0.4812357581069237,2015
99,0.4420003760105283,0.44270108554066917,0.7911192214111923,0.5282033304119194,2015
100,0.4406843391614966,0.3806248988397456,0.6525790754257909,0.0663102541630149,2015
101,0.4388042865200227,0.6168917938867466,0.565285888077859,0.7731200701139351,2015
102,0.43542019176536956,0.5482461046063487,0.48662408759124093,0.7357318141980719,2015
103,0.428087986463621,0.5991878129728174,0.731234793187348,0.6652497808939527,2015
104,0.42583192329385233,0.31822264244203763,0.5799756690997567,0.6092024539877301,2015
105,0.4254559127655574,0.20872202377602372,0.5204562043795621,0.5028834355828221,2015
106,0.41661966535062983,0.4709996588976561,0.36757299270072996,0.6467397020157756,2015
107,0.4121075390110923,0.3200133530719188,0.5630048661800486,0.5785714285714286,2015
108,0.40815942846399705,0.21249587961093735,0.2622019464720195,0.5272918492550394,2015
109,0.4066553863508179,0.5392444428131552,0.3311861313868613,0.6117879053461875,2015
110,0.4057153600300809,0.4271352665728667,0.7316180048661801,0.5906222611744084,2015
111,0.40496333897349124,0.5267843040721019,0.49810827250608275,0.5279316389132339,2015
112,0.3983831547283325,0.4920391724475429,0.7206082725060827,0.2426643295354952,2015
113,0.3966911073510059,0.291634598641952,0.41334549878345506,0.35172655565293603,2015
114,0.39236698627561584,0.14486047185008433,0.6281995133819951,0.2933829973707274,2015
115,0.3850347809738673,0.03805928264105537,0.48034063260340637,0.29974583698510077,2015
116,0.383906749388983,0.344773268408066,0.2322019464720195,0.45161262050832607,2015
117,0.38108667042677197,0.2785330113170607,0.6168126520681266,0.3232077125328659,2015
118,0.3750705019740553,0.14257798397259408,0.4519586374695864,0.340464504820333,2015
119,0.374882496709908,0.0,0.6090024330900244,0.08594215600350569,2015
120,0.3743184809174658,0.1924185389368076,0.525845498783455,0.4984574934268186,2015
121,0.37394247038917083,0.10195290699618667,0.36743309002433094,0.3861086765994741,2015
122,0.3730024440684339,0.17652665027222084,0.5813321167883212,0.0,2015
123,0.35965407031396884,0.24271879871943833,0.5286374695863747,0.31440841367221734,2015
124,0.356457980823463,0.1949522608429677,0.6075182481751825,0.3631463628396144,2015
125,0.3470577176160932,0.23533144919557056,0.36013990267639906,0.31806310254163017,2015
126,0.3434856175972927,0.4106393471584992,0.4726946472019465,0.6397020157756353,2015
127,0.3401015228426396,0.5310927003935472,0.6719221411192214,0.04185801928133216,2015
128,0.3354013912389548,0.14490323508900685,0.4312956204379562,0.4228396143733567,2015
129,0.33352133859748073,0.3965755869578508,0.23456204379562046,0.6391411042944786,2015
130,0.33258131227674376,0.00857402940396809,0.2502068126520681,0.19773882559158631,2015
131,0.32863320172964844,0.44646959597071745,0.619860097323601,0.6205609114811569,2015
132,0.3250611017108479,0.2258433555596333,0.5399452554744526,0.20510078878177038,2015
133,0.31866892272983643,0.5410404988479016,0.6728345498783455,0.6717703768624014,2015
134,0.314156796390299,0.47135780102363234,0.45437956204379565,0.5408588957055215,2015
135,0.2921601804850536,0.2921210304846959,0.41419099756691,0.3511305872042068,2015
136,0.28388794886256824,0.4050640898839738,0.5233576642335767,0.14621384750219107,2015
137,0.27674374882496716,0.13937608645826935,0.629720194647202,0.18039439088518844,2015
138,0.2756157172400827,0.3627712465895876,0.4032238442822385,0.27213847502191063,2015
139,0.26941154352321867,0.1277872487102626,0.4821958637469587,0.31827344434706395,2015
140,0.2647114119195338,0.11279873346791439,0.6891666666666667,0.2967659947414549,2015
141,0.2596352697875541,0.1950965867743313,0.5937895377128954,0.3815950920245399,2015
142,0.2581312276743749,0.5667412054403447,0.5506569343065694,0.38012269938650306,2015
143,0.24854295920285774,0.03709710976529835,0.4699817518248175,0.2603593339176161,2015
144,0.2436548223350254,0.24609174918945323,0.3816058394160584,0.5356178790534619,2015
145,0.23651062229742437,0.15245094675883414,0.6099026763990268,0.33492550394390885,2015
146,0.21771009588268475,0.11131271091535631,0.4063321167883212,0.4094741454864154,2015
147,0.21714608009024253,0.041961428192736606,0.0,0.05871165644171779,2015
148,0.21507802218462116,0.18277542855977616,0.4626642335766423,0.1315512708150745,2015
149,0.21300996427899985,0.09310091653922209,0.2826946472019465,0.21042068361086766,2015
150,0.2128219590148524,0.24874307000265033,0.4690693430656935,0.13308501314636284,2015
151,0.20003760105282953,0.13797559038355633,0.5181751824817519,0.23773006134969324,2015
152,0.19778153788306077,0.1709567384025608,0.1842153284671533,0.265863277826468,2015
153,0.17710095882684712,0.11871075124895472,0.47062043795620445,0.37567046450482033,2015
154,0.1536003008084226,0.15322603046430508,0.2152433090024331,0.2796669588080631,2015
155,0.09080654258319228,0.35450725066780786,0.2888625304136253,0.6327169149868536,2015
156,0.07181801090430527,0.00817846944393465,0.2529622871046229,0.19628396143733567,2015
157,0.059409663470577155,0.11154790872943025,0.08512773722627737,0.24928133216476775,2015
158,0.940590336529423,0.7706897826716406,0.7078710462287106,0.6967922874671341,2016
159,0.9373942470389174,0.8164197212944255,0.6966180048661801,0.7563803680981595,2016
160,0.935890204925738,0.7626075305152816,0.7197445255474453,0.7601489921121823,2016
161,0.9353261891332958,0.8432055450745277,0.6854622871046229,0.6974496056091148,2016
162,0.9193457416807673,0.7515532332538065,0.6901703163017032,0.7107011393514461,2016
163,0.9176536943034407,0.7698184816785939,0.666727493917275,0.7253286590709903,2016
164,0.90543335213386,0.7829307598132159,0.625985401459854,0.7119281332164767,2016
165,0.9044933258131229,0.7273278584041909,0.7133698296836983,0.728273444347064,2016
166,0.9005452152660275,0.7721063149609495,0.6719951338199514,0.7460122699386502,2016
167,0.896409099454785,0.7760512237515533,0.6615815085158151,0.7284925503943909,2016
168,0.8918969731152473,0.7150334272139625,0.605456204379562,0.7442331288343558,2016
169,0.8640721940214328,0.775286830855813,0.6592639902676399,0.706091148115688,2016
170,0.8612521150592217,0.8060656720703069,0.637360097323601,0.6827344434706398,2016
171,0.8580560255687161,0.5713115266001905,0.6213625304136253,0.667361963190184,2016
172,0.849031772889641,0.7266703736057569,0.6576216545012166,0.681489921121823,2016
173,0.8405715360030083,0.7739451342346184,0.6677250608272506,0.7141717791411043,2016
174,0.8326753149088176,0.5813341607226594,0.6322262773722628,0.5382559158632778,2016
175,0.8283511938334276,0.7619286640973864,0.6402007299270073,0.7183085013146363,2016
176,0.8242150780221849,0.7929427031259542,0.7065510948905109,0.7138913234005259,2016
177,0.8174468885128786,0.9073931666972515,0.6325973236009732,0.7409465381244522,2016
178,0.7999623989471705,0.5960554057217419,0.43467153284671534,0.6235144609991236,2016
179,0.7926301936454221,0.8796130976122003,0.5277250608272507,0.8301402278702892,2016
180,0.7899981199473587,0.7498694307212318,0.6610218978102189,0.7098247151621385,2016
181,0.7862380146644108,0.6503754099630907,0.5510158150851582,0.7176424189307624,2016
182,0.785485993607821,0.6323934679961652,0.6016545012165451,0.6208150744960561,2016
183,0.7758977251363041,0.6154538799779764,0.6484914841849149,0.6109640666082384,2016
184,0.7657454408723446,0.6997936779429443,0.6130961070559611,0.6693777388255916,2016
185,0.7614213197969546,0.8411101463673236,0.5298905109489052,0.6397283085013146,2016
186,0.7561571724008274,0.631597002671233,0.6273905109489052,0.6326292725679229,2016
187,0.7454408723444258,0.6990827390958572,0.6683637469586374,0.703900087642419,2016
188,0.744124835495394,0.5507477540833169,0.6214659367396594,0.5228659070990359,2016
189,0.7435608197029517,0.7456198338533049,0.6113625304136253,0.7343996494303242,2016
190,0.7428087986463623,0.5822749519789552,0.6355048661800486,0.5689307624890447,2016
191,0.7249482985523595,0.7962140909035281,0.5159914841849149,0.51943032427695,2016
192,0.7249482985523595,0.7469080764258462,0.5634063260340633,0.6973269062226117,2016
193,0.72419627749577,0.9751461733651415,0.5350608272506083,0.6285977212971078,2016
194,0.7215642037977064,0.7176366393833716,0.687013381995134,0.7703418054338299,2016
195,0.7204361722128222,0.5626893885524346,0.5067457420924575,0.5416652059596845,2016
196,0.7146080090242527,0.44609541763014526,0.5299209245742093,0.4736108676599474,2016
197,0.704267719496146,0.5863160780571347,0.47363746958637476,0.4463891323400525,2016
198,0.6986275615717241,0.8644268023898354,0.5338077858880779,0.557134092900964,2016
199,0.6946794510246288,0.7698665903223817,0.5741909975669099,0.5757756354075372,2016
200,0.685279187817259,0.7086510138047741,0.5995681265206813,0.4610692375109553,2016
201,0.6694867456288777,0.6059925133663657,0.6283576642335768,0.5425416301489921,2016
202,0.6683587140439934,0.6840674968291823,0.6585644768856449,0.6167134092900964,2016
203,0.6664786614025193,0.4670280230827258,0.4925486618004866,0.5223488168273444,2016
204,0.6546343297612334,0.6689346556554706,0.5354318734793188,0.5465907099035934,2016
205,0.6521902613273173,0.37088557117513843,0.5445316301703162,0.5715425065731814,2016
206,0.6512502350065803,0.393373689443526,0.7105231143552311,0.4396406660823839,2016
207,0.6493701823651064,0.7242756322260951,0.6336192214111923,0.7458545135845749,2016
208,0.6491821771009589,0.5201399658245132,0.522956204379562,0.6013409290096406,2016
209,0.645422071818011,0.46834299267959373,0.4176094890510949,0.3993777388255916,2016
210,0.6388418875728522,0.7377032892477707,0.6450973236009733,0.801849255039439,2016
211,0.6384658770445573,0.657180110356639,0.5811678832116789,0.5029447852760737,2016
212,0.6343297612333146,0.3697790723680178,0.5056690997566909,0.4584487291849256,2016
213,0.6266215454032713,0.6587035507432544,0.6402737226277373,0.517011393514461,2016
214,0.6226734348561761,0.6659572651454891,0.6367700729927008,0.6052410166520595,2016
215,0.6226734348561761,0.7266971006300835,0.43913625304136256,0.776906222611744,2016
216,0.6202293664222599,0.42454274521318813,0.5096046228710462,0.4116564417177914,2016
217,0.6185373190449333,0.6784387855060039,0.6472688564476885,0.5668185801928133,2016
218,0.6164692611393119,0.6043621648824441,0.6386435523114355,0.5530587204206836,2016
219,0.6106410979507427,0.7010017394425059,0.49772506082725065,0.7374408413672217,2016
220,0.6100770821583005,0.6946193260333176,0.6424148418491484,0.6936985100788782,2016
221,0.6053769505546157,0.5324130153952804,0.4942518248175183,0.5520946538124453,2016
222,0.589396503102087,0.577394597336921,0.6314902676399027,0.3856792287467134,2016
223,0.587516450460613,0.6113646452560091,0.46043187347931874,0.5800964066608238,2016
224,0.581312276743749,0.570290554270915,0.5783211678832118,0.4584049079754601,2016
225,0.570971987215642,0.6510061677371982,0.5780109489051095,0.5604907975460123,2016
226,0.5683399135175786,0.7048290493260727,0.43003041362530414,0.743908851884312,2016
227,0.5668358714043994,0.47773486902795526,0.6758576642335767,0.5109114811568799,2016
228,0.5649558187629253,0.625252007096102,0.44284063260340634,0.5924802804557405,2016
229,0.5628877608573042,0.6840193881853945,0.6396776155717763,0.5968273444347064,2016
230,0.5615717240082723,0.47752105283334256,0.5862043795620439,0.5212007011393515,2016
231,0.5574356081970296,0.6342269418649689,0.3698844282238443,0.6180893952673093,2016
232,0.5517954502726078,0.8075303130034036,0.5293248175182482,0.8350306748466257,2016
233,0.5484113555179546,0.0,0.20445863746958637,0.10049079754601227,2016
234,0.5410791502162061,0.48186152158397977,0.40183698296836984,0.4732690622261175,2016
235,0.5388230870464374,0.6226969035704806,0.5335583941605839,0.5672042068361086,2016
236,0.5247226922353827,0.5083693843110856,0.5329987834549879,0.4327256792287467,2016
237,0.5226546343297613,0.5327925391407179,0.5244282238442823,0.5320946538124453,2016
238,0.5203985711599927,0.6006791809302408,0.4625425790754258,0.4776862401402278,2016
239,0.5181425079902238,0.43413774694643165,0.5345316301703164,0.4122348816827344,2016
240,0.5117503290092124,0.5494007120572572,0.48285279805352804,0.6447063978965819,2016
241,0.5025380710659899,0.45580267286556053,0.5525304136253041,0.43609991235758105,2016
242,0.5004700131603684,0.2995778702718128,0.5804987834549878,0.48596844872918493,2016
243,0.4989659710471893,0.5529126430537702,0.4947019464720195,0.5659947414548642,2016
244,0.49633389734912586,0.4991699425378755,0.39152676399026765,0.6202103418054338,2016
245,0.495957886820831,0.5764377698660292,0.4511739659367397,0.5568185801928133,2016
246,0.4948298552359467,0.5494381298913144,0.6052068126520681,0.5054250657318142,2016
247,0.494077834179357,0.4493240421687966,0.23476277372262777,0.5212182296231376,2016
248,0.49294980259447263,0.6635892507901539,0.56669099756691,0.5925328659070991,2016
249,0.4905057341605565,0.3678493812116385,0.15897201946472023,0.35325153374233126,2016
250,0.4899417183681143,0.6001179134193825,0.39041362530413626,0.6675810692375109,2016
251,0.48881368678323,0.6821110786484764,0.5740085158150852,0.6955565293602103,2016
252,0.4884376762549353,0.5448571179217379,0.4758880778588808,0.5673794916739702,2016
253,0.4771573604060914,0.3957577400134573,0.48124695863746964,0.5798159509202454,2016
254,0.4764053393495019,0.13661785754776587,0.4614476885644769,0.2901665205959684,2016
255,0.47414927617973307,0.5223743450582156,0.26256082725060825,0.5221472392638037,2016
256,0.4718932130099644,0.6675662320099496,0.45908150851581514,0.7013935144609991,2016
257,0.46493701823651074,0.26104284659774424,0.45986618004866187,0.4655477651183173,2016
258,0.44820454972739243,0.5284093071511582,0.6629136253041363,0.48614373356704643,2016
259,0.4423763865388232,0.36371203784588335,0.334367396593674,0.33559158632778263,2016
260,0.44218838127467575,0.40205997234966584,0.39232360097323604,0.04476774758983348,2016
261,0.44143636021808624,0.37112611439407767,0.45982968369829685,0.5116827344434706,2016
262,0.43053205489753715,0.597391756938071,0.2363564476885645,0.5629447852760736,2016
263,0.42714796014288403,0.32714946856711663,0.3878345498783455,0.2065994741454864,2016
264,0.4267719496145893,0.23854403751962594,0.42395985401459857,0.438851884312007,2016
265,0.4194397443128407,0.35827041569299084,0.43569951338199514,0.4981945661700262,2016
266,0.4008272231622486,0.5106465267837106,0.3051277372262774,0.6398510078878177,2016
267,0.3985711599924798,0.28959799938826636,0.1505413625304136,0.4644084136722173,2016
268,0.3970671178793006,0.1950270965110822,0.38199513381995137,0.0,2016
269,0.38578680203045695,0.574492042495054,0.3601277372262774,0.44764241893076245,2016
270,0.3855987967663095,0.498656783670805,0.42799270072992707,0.30451358457493427,2016
271,0.3741304756533183,0.2806177192145342,0.3804257907542579,0.11128834355828221,2016
272,0.37319044933258133,0.15652949067107083,0.23072992700729927,0.3030499561787905,2016
273,0.3639781913893589,0.5474549846862817,0.58426399026764,0.16311130587204206,2016
274,0.3557059597668735,0.520204110682897,0.5157116788321168,0.5434443470639789,2016
275,0.35363790186125216,0.395752394608592,0.17790145985401462,0.39518843120070113,2016
276,0.3519458544839255,0.18234245076568548,0.4256751824817519,0.3495179666958808,2016
277,0.3457416807670615,0.5099248971268928,0.3029987834549879,0.45675723049956174,2016
278,0.3453656702387668,0.460164523235659,0.3800304136253042,0.5616389132340053,2016
279,0.34461364918217713,0.2793882760955113,0.4637469586374696,0.2642156003505697,2016
280,0.33859748072946044,0.4665843544789045,0.616867396593674,0.5138299737072743,2016
281,0.3295732280503854,0.3373324648355451,0.3002007299270073,0.2601314636283962,2016
282,0.3288212069937959,0.030260336942558207,0.49072992700729934,0.16476774758983348,2016
283,0.3250611017108479,0.4479021644746224,0.11708637469586375,0.5612182296231376,2016
284,0.32205301748448956,0.41217882375971043,0.2907481751824818,0.2472567922874671,2016
285,0.3188569279939839,0.23687627120164712,0.47090024330900243,0.35457493426818576,2016
286,0.318480917465689,0.5949756339389478,0.5629075425790755,0.5942681858019281,2016
287,0.3154728332393307,0.3281597500866615,0.5118126520681265,0.25099912357581067,2016
288,0.3139687911261515,0.18730833188556475,0.4347810218978102,0.13978965819456618,2016
289,0.30701259635269784,0.04655313097204371,0.08941605839416059,0.257353198948291,2016
290,0.3038165068621922,0.33712933945066303,0.498345498783455,0.2608150744960561,2016
291,0.3004324121075391,0.6192704990518125,0.4401946472019465,0.3062226117440841,2016
292,0.2914081594284641,0.1672684090454922,0.5251399026763991,0.14326906222611743,2016
293,0.2829479225418311,0.18226226969270573,0.17981143552311435,0.2409640666082384,2016
294,0.27279563827787184,0.5849262727921524,0.5424939172749392,0.30457493426818577,2016
295,0.26941154352321867,0.14704674243999888,0.3669282238442823,0.262760736196319,2016
296,0.2618913329573228,0.29670738785913764,0.3502189781021898,0.03922874671340929,2016
297,0.2601992855799963,0.29722589213107337,0.32694647201946475,0.3724276950043821,2016
298,0.25249106974995306,0.4529214996431548,0.4036861313868614,0.04374233128834356,2016
299,0.25061101710847905,0.07093352256275348,0.36818734793187347,0.22929009640666084,2016
300,0.2460988907689415,0.21057687926428864,0.11264598540145986,0.1383085013146363,2016
301,0.2331265275427712,0.22565092098448192,0.38429440389294406,0.03351446099912358,2016
302,0.22861440120323367,0.1710262286658099,0.3835401459854015,0.18665205959684486,2016
303,0.22861440120323367,0.18558711151893276,0.5534124087591241,0.1719982471516214,2016
304,0.2257943222410228,0.309707412491588,0.28888686131386865,0.27211218229623135,2016
305,0.22034216958074823,0.14942544760506485,0.28050486618004866,0.3252322524101665,2016
306,0.21489001692047377,0.2520625664240121,0.4721593673965937,0.31288343558282206,2016
307,0.20661778529798833,0.05722790448808129,0.3062834549878346,0.2030236634531113,2016
308,0.20379770633577746,0.11981725005607528,0.18911192214111924,0.1650219106047327,2016
309,0.18650122203421698,0.17557516820619445,0.37461070559610704,0.27927256792287464,2016
310,0.1806730588456477,0.21113814677514692,0.06337591240875913,0.18429447852760736,2016
311,0.15736040609137053,0.20433879178646397,0.06713503649635037,0.15200701139351447,2016
312,0.14664410603496897,0.15032882102730338,0.0,0.2174496056091148,2016
313,0.10265087422447827,0.39940330613160335,0.0904257907542579,0.5520946538124453,2016
314,0.07181801090430527,0.03651446063497882,0.1425912408759124,0.13801051709027168,2016
315,0.9426584281426529,0.8640650170265681,0.9328002187167337,0.698217793998752,2017
316,0.9398382846339576,0.7923937368732288,0.9435046183221837,0.6946235973515285,2017
317,0.9364542558601562,0.7914582951000163,0.9796678874904502,0.7305452428712437,2017
318,0.9345741601876916,0.8365449317917664,0.9226957086809064,0.7520870197038712,2017
319,0.9298740106544278,0.7716476392202432,0.9368897354515815,0.70916535455234,2017
320,0.9125775249185,0.8039192971187382,0.8691844423902008,0.7105136941547047,2017
321,0.9011092281897368,0.7906946483554537,0.90106386337837,0.731426513999518,2017
322,0.9007332449144031,0.751406794824737,0.94172452778132,0.7158279627901122,2017
323,0.895093047544907,0.7988104978487368,0.8991254072119708,0.728199087037631,2017
324,0.895093047544907,0.7934798816296554,0.9185170025140998,0.7396027981242419,2017
325,0.8817446551436795,0.7351975897718227,0.8371593453298236,0.7347975458417616,2017
326,0.8565519827383531,0.593182936216633,0.8615593985629502,0.6656522922198256,2017
327,0.8428276070617918,0.7949136946636464,0.888044381663747,0.7145735488243007,2017
328,0.8403835364763266,0.8265381899838893,0.8636986397188626,0.6786035300345924,2017
329,0.8373754909778586,0.8208973741359276,0.9478291455846656,0.7097130799690535,2017
330,0.8324873498069283,0.7953552894516825,0.895693644409921,0.7002197473744987,2017
331,0.8212069550679358,0.7824500800350733,0.8894846097106205,0.7169955033779563,2017
332,0.8159428306216697,0.9311393782753192,0.8866080692504745,0.7406568757073068,2017
333,0.7879301043555442,0.7706117075508222,0.9102555232036436,0.7058158973974681,2017
334,0.7762737263412183,0.6696640948390127,0.781037076546326,0.7182118351474128,2017
335,0.7755216701426528,0.8693463759915168,0.7703225252982179,0.636983555100865,2017
336,0.7730776892050838,0.5919251238759401,0.8706240903432056,0.5403613960607125,2017
337,0.7681895480341511,0.7230634825961936,0.8721929542049576,0.6612129737994425,2017
338,0.7663094523616885,0.6335884132664507,0.8761868279635767,0.6092349548908204,2017
339,0.7623613590269882,0.6164234390611901,0.7365341604190997,0.6222427674911193,2017
340,0.7612333195530889,0.9045909290185765,0.8234880556445316,0.8321581024751656,2017
341,0.7527730683227938,0.7180374584531286,0.9053598935296656,0.7203718113544005,2017
342,0.7390486926462306,0.6508349518770019,0.8590193850570621,0.6303390215406494,2017
343,0.7390486926462306,0.4661203444566783,0.7637379523321352,0.4734793950548098,2017
344,0.7386727093708968,0.659488489223301,0.8352752729634002,0.6188923177961507,2017
345,0.7367926136984322,0.7648865235211325,0.8441465034392033,0.7401102995475477,2017
346,0.7334084952767344,0.6028915218898463,0.8672703501661922,0.567255941636723,2017
347,0.7330325120014007,0.7663314242164723,0.8421930373440086,0.6958669888983681,2017
348,0.7294604019420362,0.7400167079586476,0.9319287727058942,0.7791065730931569,2017
349,0.72419627749577,1.0,0.7751197565501035,0.6223471409181665,2017
350,0.7208121590740724,0.5722909784669945,0.8529093288737227,0.5214968655424925,2017
351,0.718368088488607,0.8181802598845843,0.7826506076357969,0.5172202714590728,2017
352,0.6852792294138823,0.7276998455374085,0.8395550604864356,0.4557259348168072,2017
353,0.6734348597618895,0.8728791980179818,0.766240114713236,0.5539927327977677,2017
354,0.6721188286503216,0.7084765170979355,0.9154861570854866,0.6246563638123785,2017
355,0.6700507413401919,0.7956166141595812,0.8048117160797141,0.5724215904523365,2017
356,0.6694867664271894,0.6902069187006792,0.781414862676837,0.542317640353043,2017
357,0.667042695841724,0.3941162751575206,0.7829779255999271,0.5723890978238957,2017
358,0.6551983261897294,0.5349790226545134,0.7823411275580535,0.6009081703440122,2017
359,0.6542582783534989,0.4863166470402307,0.7190541919420499,0.5223650769326477,2017
360,0.6486181706318971,0.6905129126649117,0.8793868432659855,0.613037114807851,2017
361,0.6482421873565632,0.4203846016598346,0.942195346465657,0.4366981836915749,2017
362,0.6469261562449972,0.7457195892212609,0.8789071056384551,0.7477163432670412,2017
363,0.6467380749594343,0.6851622876776561,0.8937240807099331,0.4797101961114137,2017
364,0.6454220438478682,0.4853495671988732,0.6577967147177433,0.39455895357023313,2017
365,0.6386538966523689,0.7573985287820378,0.8736848106059429,0.8005923497687301,2017
366,0.6352697782306712,0.7026974878163139,0.8962993349182057,0.5512269414589133,2017
367,0.6296296705090694,0.5836457632389238,0.697212570195073,0.5412661224786486,2017
368,0.6254934958888082,0.6739211832956107,0.8544494780890816,0.5596555397240972,2017
369,0.6232374169410098,0.7492538768581392,0.6862983216334428,0.7889693917985757,2017
370,0.6232374169410098,0.389610861320119,0.7614510772872142,0.5166215608247424,2017
371,0.6207933463555444,0.6509013504006852,0.6995689114804988,0.6004893184230579,2017
372,0.6204173630802088,0.4456766404641003,0.7467269172343614,0.4151010074498466,2017
373,0.6202293714425419,0.6044459610326034,0.9082415823228771,0.3836337251688282,2017
374,0.6196653068816452,0.6866473333537225,0.842073610519258,0.5311494747031481,2017
375,0.6179732924947435,0.7199786275769255,0.7215957281943369,0.7315050291450894,2017
376,0.6081970101528804,0.7169288834852474,0.8835272632376096,0.6931009886037037,2017
377,0.600112831845815,0.5533698206602627,0.7413445162947142,0.5522928250452384,2017
378,0.5839443855837883,0.6357800743255647,0.7357426948500974,0.5591651726772033,2017
379,0.5824402731866575,0.7248037993719519,0.688177173155067,0.7403283971741368,2017
380,0.5805602671620906,0.7060634851450791,0.8982184304518127,0.6092623281019176,2017
381,0.5726639908447961,0.6182268408066701,0.8789204477973784,0.5589082092699729,2017
382,0.5643918209000621,0.5889583460777685,0.8257690572390572,0.4558887113927231,2017
383,0.5596916713667983,0.6405261668807727,0.8137184773048358,0.5588129776596082,2017
384,0.5583756402552322,0.49847895128565795,0.9168399511462592,0.5076693192999369,2017
385,0.5544275469205321,0.8294330254277003,0.7681209965633942,0.826522720998886,2017
386,0.5465312706032376,0.45847495590424253,0.7627235856949575,0.41017445631971694,2017
387,0.5399511150454053,0.571593539079545,0.765322261193084,0.5703634279637247,2017
388,0.5288588015919761,0.5297362474766,0.7537037061658821,0.5298773517324461,2017
389,0.5266027226441776,0.6874254450357874,0.816990931828814,0.6027725263189369,2017
390,0.5241586520587123,0.49475961440427296,0.8322494308443857,0.5618075233713566,2017
391,0.5207746232849106,0.6535058038172145,0.5887974497755658,0.6146262237421779,2017
392,0.5181424714138825,0.5086069245631194,0.6921250019630353,0.47454167415341364,2017
393,0.5170144319399832,0.5779268877062032,0.7061054816791302,0.6497944790892805,2017
394,0.5162624653893139,0.3885486761077457,0.4091792515594593,0.35236440239821915,2017
395,0.5149464342777478,0.5321556835097153,0.7752096710993979,0.43150369897419455,2017
396,0.5126903553299493,0.6031921631899826,0.8706433059525304,0.5408801288588019,2017
397,0.510246284744484,0.5992888603413473,0.7532703760476581,0.5849821853804864,2017
398,0.5098703014691484,0.46938779541607933,0.4713287318709994,0.523848088554496,2017
399,0.5096823098314814,0.6166468490650672,0.7009733912428529,0.47394897099861877,2017
400,0.5089302536329179,0.5769690157215358,0.8530515243827311,0.5038332563027493,2017
401,0.5083662787199154,0.6892832655329209,0.7539018082212652,0.7100779168131472,2017
402,0.5079902057966855,0.5746243576803056,0.687119371989635,0.6442428366538204,2017
403,0.5023500980750856,0.7030144419975116,0.8315346826892093,0.6974965307819123,2017
404,0.4999060274896202,0.525137608072836,0.6504476505474452,0.6180423378004093,2017
405,0.4997180358519515,0.3905209097999627,0.6958302790231082,0.5105779841738142,2017
406,0.4985899963780523,0.569060008462306,0.7347281106777129,0.5652481897372515,2017
407,0.4940778384824554,0.012103698746648187,0.43865654010262234,0.0999028370842191,2017
408,0.4796014066073286,0.4215106046471309,0.7770628534674332,0.571576677634986,2017
409,0.4796014066073286,0.4189494504598187,0.7395197585261375,0.04988232273265627,2017
410,0.47339723432483183,0.2804806819803831,0.773396152649483,0.4638344650201692,2017
411,0.4677571266032318,0.4732909070981416,0.8151621134031691,0.43460060691331986,2017
412,0.4664410954916657,0.31870376954996776,0.8480770019429137,0.48506380067803595,2017
413,0.4585448191743712,0.2564833188046731,0.717325584731831,0.4418324107772734,2017
414,0.45722878806280326,0.5490991593768487,0.9081576862474452,0.48885493817609377,2017
415,0.43354013840671185,0.5637791592748925,0.8423288518204867,0.1639614990152463,2017
416,0.429027980511115,0.5384243541118644,0.5281943184325877,0.5374338729249921,2017
417,0.42338787278951495,0.38286421055851166,0.7029483933228345,0.4957642187474593,2017
418,0.4158676693954503,0.5290356857017587,0.6067344234517604,0.4559046965121805,2017
419,0.41191957606075197,0.6208469061601503,0.8724935878512349,0.6206991064454461,2017
420,0.41097952822451966,0.19693590248465553,0.5986228984057755,0.004877084923302454,2017
421,0.40834746600138744,0.30164406440529307,0.5754368728674824,0.11646986582318931,2017
422,0.4077834014404889,0.618395513447929,0.43281706145209975,0.5603270714581796,2017
423,0.39875917529719124,0.5325053590363156,0.4888596398406947,0.640806088209361,2017
424,0.39199093845379596,0.31360580305254737,0.447160426137511,0.467345340538192,2017
425,0.3855987745336305,0.5155291936848749,0.668169590678528,0.2967675822957581,2017
426,0.3816506811989322,0.29959896438694095,0.6496050642064598,0.27168128805971253,2017
427,0.38108670628592967,0.12524585614587777,0.5296234884401307,0.09347452707817178,2017
428,0.3801466584496992,0.19623545222364924,0.6832335407136436,0.3483983950067467,2017
429,0.3782665627772345,0.2562100780469397,0.717574154953595,0.3587755061992945,2017
430,0.3743184694425344,0.34018518943333087,0.6102112522960583,0.22597361509471867,2017
431,0.3711224323063997,0.5894433994004983,0.5952635023135626,0.4392466871076048,2017
432,0.36510625166156985,0.6404918843416718,0.702932005671107,0.3125141003380526,2017
433,0.3641662038253375,0.18133422480679404,0.5259545035025791,0.30973681642965295,2017
434,0.3604061021283061,0.5398057875043312,0.7664089945401035,0.5478797828179509,2017
435,0.34837374083864453,0.481405418425398,0.6128246476760463,0.5587418282063357,2017
436,0.33690544410988155,0.4234743314267646,0.4588641099396126,0.39914777987260386,2017
437,0.3325812778519516,0.3466266746191952,0.7737413810117396,0.2500870110798466,2017
438,0.3323932862142847,0.43242414510307625,0.506109709867306,0.25412570897368975,2017
439,0.3314532383780524,0.5081409560367843,0.3470893758926947,0.5692786861155557,2017
440,0.33032528855204923,0.04923243434065366,0.74758117796441,0.1677537465910447,2017
441,0.31340478609145705,0.2545377528496562,0.7794850354067032,0.14843617375747414,2017
442,0.3115246904189924,0.32235406343671574,0.5503528164541053,0.04263117413161411,2017
443,0.30926870111909,0.32166780729389655,0.6120671175982239,0.3766725713176547,2017
444,0.30381649538726085,0.3525383735038022,0.7384480351079136,0.25497004716256355,2017
445,0.3002443853278963,0.35665868227605385,0.5314262388976533,0.25910405502519895,2017
446,0.2957323170801955,0.4782276883118197,0.8482588613700426,0.5047361543573488,2017
447,0.29291217357150034,0.20389016014661188,0.687243149518388,0.19073848082870903,2017
448,0.283699955790534,0.1872108924165491,0.6345985434641241,0.18917112941808853,2017
449,0.28294789959197036,0.08655564508523475,0.6040298083112768,0.23532428311006134,2017
450,0.2720436226001561,0.12478422072857369,0.3117815276422062,0.2761521326879159,2017
451,0.26565145867999057,0.23413567537876404,0.5802043017969806,0.03605145931661806,2017
452,0.2541831171272796,0.20090518966273052,0.6588174623874574,0.1724485134890368,2017
453,0.24158678092461747,0.27850695081666293,0.7239021814072507,0.0,2017
454,0.23914271033915216,0.45886461710609405,0.6717834304429016,0.043706104851521294,2017
455,0.23895467387753525,0.21460582726698005,0.3537368165315505,0.15841084911988343,2017
456,0.2336905494312709,0.5998047552048272,0.7430383178729503,0.2995227952467362,2017
457,0.2131979817352604,0.23043260358679413,0.2647809267334112,0.18398791525470465,2017
458,0.21075391114979508,0.16346712763300036,0.5553651900187025,0.32885478422581155,2017
459,0.2030456712941155,0.19703710925552073,0.38956801821715636,0.2430509465708221,2017
460,0.20116562044560068,0.31627875782508424,0.5689673035104198,0.27176241515290794,2017
461,0.20078963717026507,0.21234547368528328,0.3657683258799161,0.14328308840993165,2017
462,0.1898853153545046,0.06363265797368525,0.5304853629021752,0.20150586923520683,2017
463,0.18499717418357212,0.13072183861462852,0.4812923878648857,0.17013947343115862,2017
464,0.18274109523577362,0.16327256785138955,0.2627022691306697,0.21656929767518404,2017
465,0.17822898216412486,0.19710960917905387,0.5752475809876935,0.28608659711665557,2017
466,0.17653692295327697,0.4154198145429325,0.24093832557798908,0.43867952880056965,2017
467,0.15529234388265087,0.273222819936379,0.6338137489745804,0.31946475415977826,2017
468,0.07181800552543147,0.04897597243250537,0.3830861218654325,0.1328753651912331,2017
469,0.031960909607311495,0.0,0.0,0.016452836021323837,2017
470,0.9605188945290469,0.6975753349238378,0.9683698296836984,0.7659947414548641,2018
471,0.9533746944914459,0.7782909483901209,0.9622871046228711,0.754601226993865,2018
472,0.9460424891896975,0.7221641973042949,0.9671532846715329,0.7607361963190183,2018
473,0.9347621733408537,0.7178878734120415,1.0,0.8010517090271692,2018
474,0.9332581312276746,0.7590474908749806,0.9422141119221411,0.8124452234881683,2018
475,0.9246098890768942,0.7275096021696117,0.9051094890510949,0.7695004382120947,2018
476,0.9033652942282385,0.7109388470871297,0.9318734793187349,0.7852760736196319,2018
477,0.902613273171649,0.6777973369221658,0.9738442822384429,0.7677475898334793,2018
478,0.9007332205301751,0.7243023592504216,0.9130170316301703,0.8001752848378616,2018
479,0.8928369994359845,0.7162842519524466,0.9568126520681266,0.7975460122699387,2018
480,0.8774205677758978,0.6649683652454056,0.8716545012165451,0.7782646801051709,2018
481,0.8678322993043807,0.7168187924389782,0.9148418491484186,0.7808939526730938,2018
482,0.855235946606505,0.5398858913969933,0.887469586374696,0.7160385626643295,2018
483,0.8373754465125026,0.7740146244978675,0.9628953771289538,0.7677475898334793,2018
484,0.8351193833427337,0.7162842519524466,0.8965936739659368,0.754601226993865,2018
485,0.8279751833051326,0.7077316041679397,0.9020681265206814,0.7835232252410167,2018
486,0.824779093814627,0.8424358067739222,0.9245742092457422,0.7852760736196319,2018
487,0.8202669674750893,0.7472876001712837,0.8947688564476887,0.7177914110429447,2018
488,0.8067305884564769,0.6954371729777111,0.9482968369829684,0.7738825591586328,2018
489,0.7873660462492952,0.6590884198935572,0.9057177615571778,0.7484662576687117,2018
490,0.7715736040609137,0.6788664178952292,0.9276155717761557,0.7747589833479404,2018
491,0.7456288776085731,0.6911608490854577,0.891727493917275,0.7957931638913234,2018
492,0.7454408723444258,0.5548530250198802,0.7615571776155718,0.6669588080631026,2018
493,0.743184809174657,0.6045652902673261,0.809610705596107,0.708150744960561,2018
494,0.7366046249294981,0.7296477641157384,0.8734793187347932,0.7510955302366346,2018
495,0.7345365670238767,0.5944090210232243,0.8746958637469586,0.6652059596844873,2018
496,0.7324685091182553,0.527056919720233,0.8965936739659368,0.5915863277826469,2018
497,0.7266403459296861,0.5735619420484889,0.8929440389294404,0.6520595968448729,2018
498,0.7255123143448017,0.41747611998123935,0.7712895377128954,0.5328659070990359,2018
499,0.7249482985523595,0.5842527517791224,0.887469586374696,0.6757230499561788,2018
500,0.7240082722316226,0.8814572622907345,0.7925790754257908,0.6555652936021034,2018
501,0.7234442564391805,0.7371313309271819,0.809610705596107,0.5547765118317266,2018
502,0.7181801090430533,0.8173124039069333,0.8826034063260342,0.8834355828220859,2018
503,0.714231998495958,0.6206015048632765,0.7652068126520681,0.5863277826468011,2018
504,0.7119759353261892,0.6687101486511272,0.9355231143552312,0.845749342681858,2018
505,0.7025756721188194,0.5131588670704094,0.8753041362530415,0.5565293602103418,2018
506,0.6897913141567965,0.6537430150282404,0.9075425790754258,0.4943032427695004,2018
507,0.6862192141379959,0.6467939887033285,0.9349148418491484,0.6801051709027169,2018
508,0.6850911825531115,0.4308396321445313,0.7487834549878346,0.5600350569675723,2018
509,0.6802030456852793,0.3570730450031599,0.8023114355231143,0.6134969325153373,2018
510,0.6768189509306262,0.6286196121612515,0.8807785888077859,0.684487291849255,2018
511,0.6734348561759731,0.7152151709793831,0.8309002433090026,0.6117440841367221,2018
512,0.6717428087986465,0.3843346098162754,0.9635036496350367,0.530236634531113,2018
513,0.6692987403647304,0.7879126771476912,0.7913625304136254,0.5915863277826469,2018
514,0.667230682459109,0.5430931343161833,0.8619221411192215,0.6196319018404908,2018
515,0.6536943034404964,0.6756591749760391,0.9130170316301703,0.8290972830850131,2018
516,0.6486181613085167,0.4752064925266604,0.8090024330900244,0.6450482033304119,2018
517,0.645422071818011,0.431374172631063,0.6697080291970803,0.41542506573181415,2018
518,0.6446700507614214,0.6398449623784168,0.9288321167883211,0.6275197195442593,2018
519,0.6439180297048319,0.6516048530821137,0.916058394160584,0.7502191060473269,2018
520,0.6433540139123897,0.596547182969351,0.7414841849148419,0.6362839614373357,2018
521,0.6410979507426209,0.6136524785383646,0.8844282238442822,0.5880806310254163,2018
522,0.6377138559879677,0.6916953895719894,0.8892944038929441,0.8659070990359333,2018
523,0.6332017296484302,0.5826491303195275,0.8436739659367397,0.5994741454864154,2018
524,0.6330137243842828,0.43778865846944304,0.9081508515815087,0.607361963190184,2018
525,0.6301936454220719,0.6767282559491025,0.732360097323601,0.8369851007887817,2018
526,0.6226734348561761,0.6569502579474304,0.7366180048661801,0.796669588080631,2018
527,0.6179733032524911,0.6152560999979597,0.8996350364963505,0.5249780893952672,2018
528,0.6142131979695432,0.6109797761057062,0.9221411192214113,0.5530236634531113,2018
529,0.6089490505734161,0.6569502579474304,0.7244525547445256,0.796669588080631,2018
530,0.6070689979319421,0.40143990538528906,0.7439172749391728,0.44522348816827345,2018
531,0.604624929498026,0.6414485838380117,0.9318734793187349,0.6459246275197196,2018
532,0.5937206241774771,0.44634130625394985,0.9257907542579076,0.5390008764241893,2018
533,0.590336529422824,0.4992608144205859,0.7597323600973237,0.5907099035933392,2018
534,0.5901485241586765,0.4570321159845834,0.7481751824817519,0.5065731814198071,2018
535,0.5860124083474337,0.35119309965131146,0.7913625304136254,0.5433829973707274,2018
536,0.5852603872908443,0.5430931343161833,0.9324817518248175,0.45311130587204207,2018
537,0.5822523030644859,0.6259469097285932,0.8521897810218979,0.6415425065731813,2018
538,0.5721000188005264,0.5265223792337014,0.8211678832116789,0.4846625766871166,2018
539,0.5642037977063359,0.4142688770620493,0.7980535279805353,0.44960560911481157,2018
540,0.5604436924233879,0.33141510164963944,0.7329683698296838,0.5451358457493427,2018
541,0.5564955818762926,0.5553875655064119,0.9111922141119222,0.6134969325153373,2018
542,0.5564955818762926,0.6136524785383646,0.8394160583941606,0.6012269938650308,2018
543,0.5544275239706713,0.3485203972186531,0.49270072992700736,0.37160385626643294,2018
544,0.5465313028764806,0.7510293835770054,0.7846715328467154,0.9027169149868537,2018
545,0.5427711975935328,0.6350340979996316,0.8692214111922142,0.7747589833479404,2018
546,0.5405151344237639,0.5211769743683846,0.8327250608272506,0.6003505696757231,2018
547,0.5329949238578681,0.6168597214575546,0.7311435523114356,0.7703768624014022,2018
548,0.5329949238578681,0.5158315695030679,0.7171532846715329,0.6879929886064856,2018
549,0.5309268659522468,0.5436276748027149,0.7779805352798054,0.6389132340052586,2018
550,0.5260387290844144,0.5960126424828193,0.7062043795620438,0.6459246275197196,2018
551,0.5224666290656138,0.5249187577741063,0.8765206812652069,0.5381244522348817,2018
552,0.5211505922165821,0.5233151363145113,0.7019464720194647,0.6021034180543383,2018
553,0.5134423763865388,0.416407039008176,0.4847931873479319,0.5863277826468011,2018
554,0.5119383342733598,0.5286605411798281,0.694647201946472,0.7002629272567923,2018
555,0.5034780973867268,0.5473694582084367,0.7062043795620438,0.5284837861524978,2018
556,0.503102086858432,0.2533721906160146,0.7092457420924574,0.5241016652059597,2018
557,0.5004700131603684,0.5126243265838777,0.7536496350364964,0.6056091148115688,2018
558,0.495957886820831,0.43939227992903807,0.7694647201946472,0.5652936021034181,2018
559,0.4948298552359467,0.3682983952203251,0.7128953771289538,0.042068361086765996,2018
560,0.4903177288964092,0.28330645786178854,0.8613138686131387,0.5205959684487291,2018
561,0.4899417183681143,0.489104545176484,0.6557177615571776,0.6643295354951797,2018
562,0.4891896973115248,0.4885700046899523,0.9227493917274939,0.5039439088518842,2018
563,0.48505358150028205,0.38219644787014867,0.8302919708029197,0.6152497808939527,2018
564,0.4831735288588081,0.4805518973919772,0.739051094890511,0.4574934268185802,2018
565,0.48110547095318673,0.4254942272792145,0.8120437956204379,0.46187554776511835,2018
566,0.46230494453844717,0.0,0.43309002433090027,0.10078878177037687,2018
567,0.4609889076894153,0.2859791602944469,0.5419708029197081,0.15950920245398773,2018
568,0.45309268659522467,0.563405672804387,0.9215328467153284,0.6240140227870289,2018
569,0.4431284075954127,0.2271797067759625,0.7469586374695864,0.47239263803680986,2018
570,0.4292160180485054,0.5324023245855498,0.8935523114355232,0.5758106923751096,2018
571,0.42019176536943037,0.5537839440468169,0.708029197080292,0.3540753724802805,2018
572,0.4173716864072195,0.3431749923533363,0.7402676399026765,0.5276073619631901,2018
573,0.41379958638841896,0.5024680573397758,0.8576642335766423,0.2892199824715162,2018
574,0.41060349689791314,0.5660783752370454,0.4689781021897811,0.6056091148115688,2018
575,0.40383530738860696,0.289186403213637,0.5304136253041363,0.07011393514460999,2018
576,0.4012032336905434,0.31644796802675246,0.5450121654501217,0.2953549517966696,2018
577,0.3963150968227111,0.2293178687220892,0.679440389294404,0.37949167397020156,2018
578,0.39481105470953193,0.38486915030280705,0.6289537712895378,0.38650306748466257,2018
579,0.38898289152096255,0.48108643787850885,0.551094890510949,0.6047326906222611,2018
580,0.3878548599360783,0.48963908566301567,0.49695863746958635,0.6923751095530237,2018
581,0.3850347809738673,0.13684236455210919,0.49452554744525545,0.0,2018
582,0.3827787178040986,0.3645566118146034,0.49330900243309006,0.3006134969325154,2018
583,0.37168640721940216,0.2843755388348519,0.5170316301703163,0.5074496056091148,2018
584,0.3662342545591277,0.490708166636079,0.7992700729927008,0.588957055214724,2018
585,0.36341417559691686,0.5398858913969933,0.5906326034063261,0.469763365468887,2018
586,0.3617221282195902,0.1977799800167203,0.7500000000000001,0.13321647677475898,2018
587,0.36059409663470576,0.4671883852286853,0.7791970802919708,0.31989482909728306,2018
588,0.3590900545215266,0.29346272710589044,0.661800486618005,0.4005258545135846,2018
589,0.35739800714420017,0.16784571277094643,0.6672749391727494,0.22261174408413673,2018
590,0.356457980823463,0.4730683305805337,0.6234793187347931,0.4846625766871166,2018
591,0.35608197029516825,0.10583901633327195,0.5486618004866181,0.15162138475021908,2018
592,0.35476593344613655,0.2635284598601165,0.637469586374696,0.3978965819456617,2018
593,0.3485617597292724,0.30041175343080223,0.6368613138686131,0.25854513584574934,2018
594,0.34461364918217713,0.29773905099814385,0.7572992700729928,0.25591586327782645,2018
595,0.3434856175972927,0.16463846985175637,0.5778588807785888,0.34268185801928136,2018
596,0.3416055649558188,0.45596303501152,0.36009732360097324,0.5635407537248028,2018
597,0.33803346493701825,0.436185037009848,0.6021897810218978,0.5836985100788782,2018
598,0.3355893965031021,0.3645566118146034,0.7141119221411192,0.37598597721297106,2018
599,0.3342733596540704,0.19136549417834017,0.5517031630170317,0.04645048203330412,2018
600,0.3237450648618162,0.036883293570685684,0.6909975669099756,0.17879053461875546,2018
601,0.3134047753337095,0.3854036907893387,0.45437956204379565,0.42506573181419804,2018
602,0.30889264899417196,0.07002480373564962,0.5273722627737226,0.1936897458369851,2018
603,0.3079526226734348,0.17212203666319983,0.6630170316301705,0.20771253286590707,2018
604,0.30419251739048697,0.20205630390897372,0.22627737226277372,0.21034180543382996,2018
605,0.3038165068621922,0.32339699435166425,0.7542579075425792,0.27344434706397897,2018
606,0.29704831735288584,0.42389060581961946,0.8594890510948906,0.5337423312883436,2018
607,0.2774957698815567,0.13844598601170421,0.28832116788321166,0.22173531989482909,2018
608,0.27091558563639784,0.1838819273668967,0.4817518248175183,0.18492550394390883,2018
609,0.24158676442940402,0.2523031096429513,0.739051094890511,0.06923751095530237,2018
610,0.23914269599548788,0.3902145551681238,0.6843065693430658,0.2357581069237511,2018
611,0.23519458544839258,0.14004960747129924,0.5523114355231145,0.3523225241016652,2018
612,0.21977815378830612,0.1908309536918085,0.6654501216545013,0.21735319894829097,2018
613,0.20849783793946233,0.1774674415285166,0.3266423357664234,0.22348816827344434,2018
614,0.20060161684527164,0.5436276748027149,0.7141119221411192,0.36546888694127955,2018
615,0.20003760105282953,0.09942453049489183,0.3290754257907543,0.2681858019281332,2018
616,0.19909757473209247,0.1683802532574781,0.4343065693430657,0.25328659070990356,2018
617,0.18274111675126906,0.04062507697640741,0.5218978102189781,0.23400525854513585,2018
618,0.176536943034405,0.3682983952203251,0.232360097323601,0.47239263803680986,2018
619,0.16638465877044556,0.1774674415285166,0.5450121654501217,0.35056967572305,2018
620,0.15642037977063358,0.23626689504700102,0.652676399026764,0.3006134969325154,2018
621,0.14664410603496897,0.2432159213719128,0.6027980535279805,0.3339176161262051,2018
622,0.13743184809174658,0.180140143961175,0.36982968369829683,0.15512708150744958,2018
623,0.10528294792254186,0.012828971676760236,0.0,0.008764241893076249,2018
624,0.07181801090430527,0.04864318427438256,0.3813868613138686,0.12708150744960559,2018
625,0.9862756157172403,0.7162842519524466,0.9653284671532847,0.8641542506573181,2019
626,0.9545027260763302,0.7392694928733086,0.9568126520681266,0.8729184925503943,2019
627,0.9458544839255502,0.7953962439591347,0.9622871046228711,0.9009640666082384,2019
628,0.9345741680767063,0.7376658714137135,0.9878345498783456,0.8992112182296231,2019
629,0.933446136491822,0.7462185191982204,0.9257907542579076,0.8755477651183172,2019
630,0.931942094378643,0.7761527864439942,0.9282238442822385,0.9219982471516214,2019
631,0.9061853731904496,0.7414076548194353,0.9045012165450123,0.8843120070113935,2019
632,0.8994171836811433,0.6965062539507745,0.9470802919708029,0.8992112182296231,2019
633,0.8939650310208686,0.7296477641157384,0.9154501216545012,0.9106047326906221,2019
634,0.8879488625681522,0.7355277094675868,0.8972019464720196,0.8904469763365469,2019
635,0.8845647678134989,0.7333895475214602,0.9416058394160585,0.9079754601226994,2019
636,0.8730964467005078,0.5527148630737535,0.8765206812652069,0.8439964943032428,2019
637,0.8678322993043807,0.6820736608144192,0.8850364963503651,0.9018404907975459,2019
638,0.8586200413611583,0.8600756428294675,0.8996350364963505,0.8869412795793163,2019
639,0.8518518518518521,0.7125424685467248,0.9355231143552312,0.8729184925503943,2019
640,0.8456476781349878,0.8012761893109831,0.944647201946472,0.8755477651183172,2019
641,0.8388794886256816,0.7339240880079918,0.8844282238442822,0.8650306748466258,2019
642,0.8272231622485432,0.7248368997369534,0.9148418491484186,0.8641542506573181,2019
643,0.8213949990599738,0.7659965171998925,0.8862530413625305,0.7659947414548641,2019
644,0.8138747884940781,0.6783318774086974,0.9045012165450123,0.8063102541630149,2019
645,0.8087986463620982,0.8034143512571097,0.7968369829683699,0.7230499561787905,2019
646,0.790186125211506,0.6949026324911795,0.9245742092457422,0.8755477651183172,2019
647,0.765557435608197,0.5719583205888938,0.8047445255474452,0.754601226993865,2019
648,0.7649934198157547,0.7077316041679397,0.8953771289537713,0.9158632778264679,2019
649,0.737544651250235,0.7312513855753335,0.8698296836982968,0.8010517090271692,2019
650,0.7371686407219403,0.6195324238902131,0.8327250608272506,0.8063102541630149,2019
651,0.7356645986087611,0.42763238922534125,0.7718978102189781,0.6538124452234881,2019
652,0.72419627749577,0.7499603026039421,0.8254257907542579,0.6967572304995618,2019
653,0.7240082722316226,0.9001661793193432,0.7986618004866181,0.7633654688869412,2019
654,0.7202481669486747,0.687419065679736,0.902676399026764,0.9307624890446977,2019
655,0.7140439932318106,0.6141870190248963,0.8771289537712895,0.7975460122699387,2019
656,0.7100958826847152,0.5366786484778032,0.8753041362530415,0.7028921998247152,2019
657,0.7087798458356835,0.6008235068616045,0.8911192214111923,0.7808939526730938,2019
658,0.7029516826471142,0.8402976448277955,0.8899026763990269,1.0,2019
659,0.7012596352697876,0.42442514630615114,0.7554744525547445,0.6914986853637161,2019
660,0.6956194773453658,0.6916953895719894,0.9051094890510949,0.9106047326906221,2019
661,0.6911073510058282,0.7280441426561435,0.832116788321168,0.7633654688869412,2019
662,0.6909193457416809,0.6660374462184689,0.9148418491484186,0.7721297107800176,2019
663,0.6897913141567965,0.6580193389204938,0.8984184914841851,0.6248904469763366,2019
664,0.6879112615153226,0.6446558267572018,0.8746958637469586,0.7747589833479404,2019
665,0.6864072194021434,0.398232662466099,0.9300486618004866,0.6625766871165644,2019
666,0.6817070877984585,0.6617611223262155,0.9215328467153284,0.7169149868536371,2019
667,0.677194961458921,0.5265223792337014,0.8576642335766423,0.7370727432077125,2019
668,0.6758789246098892,0.672451932056849,0.9263990267639902,0.8352322524101665,2019
669,0.6734348561759731,0.3709710976529835,0.8059610705596107,0.7318141980718668,2019
670,0.672494829855236,0.4714647091209387,0.7493917274939174,0.6643295354951797,2019
671,0.6698627561571725,0.5837182112925908,0.8710462287104623,0.7721297107800176,2019
672,0.6668546719308142,0.621136045349808,0.7493917274939174,0.7230499561787905,2019
673,0.6623425455912767,0.6751246344895073,0.7439172749391728,0.9132340052585451,2019
674,0.6589584508366234,0.48750092371688897,0.7980535279805353,0.7607361963190183,2019
675,0.6576424139875917,0.8018107297975148,0.8023114355231143,0.708150744960561,2019
676,0.6551983455536756,0.5612675108582603,0.8570559610705597,0.7256792287467133,2019
677,0.6424139875916527,0.6344995575131,0.8911192214111923,0.7116564417177914,2019
678,0.6339537507050198,0.6954371729777111,0.7414841849148419,0.9079754601226994,2019
679,0.633577740176725,0.6612265818396839,0.929440389294404,0.7659947414548641,2019
680,0.6330137243842828,0.44420314430782315,0.8990267639902677,0.7283085013146362,2019
681,0.632637713855988,0.5986853449154778,0.8527980535279805,0.6993865030674847,2019
682,0.6322617033276933,0.7093352256275347,0.8631386861313869,0.953549517966696,2019
683,0.627373566459861,0.3431749923533363,0.7518248175182483,0.7256792287467133,2019
684,0.6177852979883438,0.6270159907016566,0.9172749391727495,0.6389132340052586,2019
685,0.6121451400639218,0.41480341754858097,0.7354014598540147,0.6187554776511831,2019
686,0.6081970295168265,0.6419831243245435,0.8576642335766423,0.7256792287467133,2019
687,0.6053769505546157,0.4570321159845834,0.8972019464720196,0.6809815950920246,2019
688,0.6006768189509307,0.6751246344895073,0.7615571776155718,0.9132340052585451,2019
689,0.5967287084038354,0.5131588670704094,0.7749391727493918,0.7484662576687117,2019
690,0.5959766873472457,0.652673934055177,0.8704379562043797,0.8755477651183172,2019
691,0.5884564767813498,0.36188390938194503,0.5389294403892945,0.46888694127957936,2019
692,0.587516450460613,0.6323613955669733,0.8832116788321168,0.6362839614373357,2019
693,0.5843203609701073,0.431374172631063,0.7864963503649635,0.5758106923751096,2019
694,0.5790562135739801,0.5366786484778032,0.8412408759124088,0.7484662576687117,2019
695,0.5651438240270729,0.36616023327419844,0.807785888077859,0.6476774758983348,2019
696,0.5643918029704833,0.5580602679390703,0.7925790754257908,0.5898334794040316,2019
697,0.5640157924421884,0.561802051344792,0.8278588807785888,0.7633654688869412,2019
698,0.5534874976499342,0.2635284598601165,0.6678832116788322,0.6292725679228747,2019
699,0.5469073134047755,0.6173942619440864,0.7700729927007299,0.8010517090271692,2019
700,0.5465313028764806,0.7686692196325507,0.7767639902676399,0.9833479404031552,2019
701,0.5455912765557436,0.5425585938296515,0.8521897810218979,0.6827344434706398,2019
702,0.5382590712539952,0.5051407597724342,0.7372262773722628,0.740578439964943,2019
703,0.5358150028200791,0.6323613955669733,0.8272506082725062,0.708150744960561,2019
704,0.5294228238390677,0.652673934055177,0.7122871046228711,0.7256792287467133,2019
705,0.5264147396127093,0.5703546991292988,0.8911192214111923,0.6914986853637161,2019
706,0.519646550103403,0.63129231459391,0.7031630170316302,0.8755477651183172,2019
707,0.5192705395751082,0.5067443812320293,0.9312652068126521,0.5845749342681859,2019
708,0.5172024816694868,0.525453298260638,0.7871046228710463,0.7344434706397897,2019
709,0.5155104342921601,0.3720401786260468,0.6757907542579076,0.21472392638036808,2019
710,0.5147584132355707,0.2945318080789538,0.8746958637469586,0.6336546888694128,2019
711,0.5121263395375071,0.5623365918313237,0.9355231143552312,0.5758106923751096,2019
712,0.505358150028201,0.5356095675047399,0.7055961070559611,0.6879929886064856,2019
713,0.5047941342357587,0.4281669297118729,0.475669099756691,0.6853637160385627,2019
714,0.5047941342357587,0.5575257274525386,0.6976885644768857,0.6739702015775636,2019
715,0.5027260763301373,0.5275914602067647,0.7445255474452555,0.7142857142857142,2019
716,0.5017860500094004,0.49765719296099087,0.7317518248175183,0.5784399649430324,2019
717,0.5015980447452529,0.5500421606410951,0.6843065693430658,0.782646801051709,2019
718,0.49858996051889454,0.3960945005199723,0.818734793187348,0.7458369851007888,2019
719,0.48110547095318673,0.434581415550253,0.8035279805352799,0.5293602103418054,2019
720,0.4739612709155856,0.29346272710589044,0.5535279805352799,0.29009640666082387,2019
721,0.46775709719872166,0.5837182112925908,0.920316301703163,0.7142857142857142,2019
722,0.46493701823651074,0.32660423727085436,0.5279805352798054,0.42594215600350566,2019
723,0.4551607445008461,0.3041535368365239,0.4914841849148419,0.203330411919369,2019
724,0.4493325813122768,0.23840505699312772,0.745742092457421,0.5933391761612621,2019
725,0.44801654446324496,0.4474103872270132,0.7451338199513383,0.7142857142857142,2019
726,0.4436924233878549,0.21007441120694886,0.2658150851581509,0.3479404031551271,2019
727,0.43034404963338985,0.35974574743581833,0.48600973236009737,0.44522348816827345,2019
728,0.4278999811994737,0.565009294263982,0.7195863746958638,0.5004382120946538,2019
729,0.4273359654070315,0.40838893171020085,0.6265206812652069,0.4829097283085014,2019
730,0.41342357586012424,0.5131588670704094,0.8217761557177616,0.41104294478527603,2019
731,0.412859560067682,0.5062098407454976,0.5158150851581509,0.7659947414548641,2019
732,0.41060349689791314,0.5131588670704094,0.8680048661800487,0.7055214723926381,2019
733,0.40928746004888145,0.3068262392691823,0.6824817518248176,0.558282208588957,2019
734,0.4085354389922918,0.35119309965131146,0.7585158150851583,0.588957055214724,2019
735,0.4057153600300809,0.24054321893925443,0.6897810218978102,0.5004382120946538,2019
736,0.40327129159616476,0.0,0.4245742092457421,0.2348816827344435,2019
737,0.39781913893589027,0.46986108766134366,0.7986618004866181,0.41805433829973704,2019
738,0.3957510810302689,0.07376658714137137,0.47080291970802923,0.3207712532865907,2019
739,0.38804286520022563,0.17693290104198492,0.6423357664233578,0.33304119193689746,2019
740,0.3827787178040986,0.454359413551925,0.6417274939172749,0.7142857142857142,2019
741,0.3807106598984772,0.5879945351848442,0.5121654501216545,0.6879929886064856,2019
742,0.3780785862004136,0.20312538488203707,0.504257907542579,0.32865907099035935,2019
743,0.37525850723820275,0.4736028710670654,0.40510948905109495,0.6590709903593339,2019
744,0.3746944914457605,0.16463846985175637,0.5711678832116789,0.37510955302366344,2019
745,0.3733784545967288,0.27368472910421837,0.5979318734793188,0.50920245398773,2019
746,0.36980635457792826,0.3046880773230556,0.7098540145985403,0.42857142857142855,2019
747,0.36529422823839075,0.109046259252462,0.5997566909975669,0.3418054338299737,2019
748,0.3643542019176538,0.49231178809567405,0.6082725060827251,0.7142857142857142,2019
749,0.36341417559691686,0.30041175343080223,0.5644768856447689,0.6336546888694128,2019
750,0.35984207557811626,0.5575257274525386,0.5961070559610706,0.5030674846625767,2019
751,0.3562699755593157,0.05024680573397759,0.6843065693430658,0.31288343558282206,2019
752,0.35100582816318854,0.20579808731469545,0.6721411192214112,0.26993865030674846,2019
753,0.3479977439368302,0.1432568503904893,0.5115571776155717,0.21209465381244522,2019
754,0.346493701823651,0.5072789217185609,0.7694647201946472,0.7283085013146362,2019
755,0.3453656702387668,0.3795237454374903,0.7183698296836983,0.4864154250657319,2019
756,0.3434856175972927,0.18708917028608676,0.46593673965936744,0.16827344434706398,2019
757,0.3401015228426396,0.4383231989559747,0.8454987834549879,0.6476774758983348,2019
758,0.3314532806918593,0.17960560347464333,0.628345498783455,0.46625766871165647,2019
759,0.31754089114495204,0.4335123345771897,0.6989051094890512,0.0,2019
760,0.313216770069562,0.1774674415285166,0.6502433090024331,0.38825591586327785,2019
761,0.30889264899417196,0.48803546420342064,0.6319951338199513,0.5644171779141104,2019
762,0.2978003384094755,0.308964401215309,0.6435523114355232,0.37335670464504817,2019
763,0.29366422259823277,0.14699863379621106,0.3479318734793187,0.35933391761612615,2019
764,0.280503854107915,0.40357806733141577,0.4653284671532847,0.5153374233128833,2019
765,0.2729836435420192,0.03902145551681238,0.5608272506082725,0.38825591586327785,2019
766,0.27260763301372437,0.14646409330967938,0.4604622871046229,0.44259421560035056,2019
767,0.2650874224478285,0.14646409330967938,0.5571776155717763,0.4864154250657319,2019
768,0.24045873284451968,0.2613902979139898,0.7110705596107056,0.147239263803681,2019
769,0.23538259071253995,0.02458886238045712,0.27189781021897813,0.33304119193689746,2019
770,0.21432600112803157,0.19564181807059358,0.6776155717761558,0.37949167397020156,2019
771,0.20191765369430345,0.1726565771497315,0.41849148418491483,0.39351446099912357,2019
772,0.18142507990223727,0.5564566464794752,0.6964720194647203,0.4715162138475022,2019
773,0.176536943034405,0.33088056116310777,0.2299270072992701,0.38562664329535495,2019
774,0.1667606692987404,0.10209723292755021,0.34063260340632606,0.43382997370727433,2019
775,0.16112051137431846,0.15341311963459114,0.7074209245742094,0.40578439964943036,2019
776,0.15247226922353826,0.19190003466487185,0.4324817518248175,0.5381244522348817,2019
777,0.13310772701635643,0.254441271589078,0.5383211678832117,0.43733567046450483,2019
778,0.12784357962022933,0.18708917028608676,0.3144768856447689,0.31638913234005256,2019
779,0.10528294792254186,0.013898052649823588,0.0,0.09202453987730061,2019
780,0.06204173716864075,0.16356938887869302,0.3497566909975669,0.25854513584574934,2019
781,0.9937394406843394,0.6869858254262665,0.9121203801703164,0.8424815118317265,2020
782,0.9630757364166198,0.7093077096214501,0.9145068138686132,0.858310750219106,2020
783,0.9469636786990036,0.7434251442507275,0.8956225103406327,0.9119484531113058,2020
784,0.9365482068057908,0.7090688149253712,0.9413427536496352,0.8771633707274321,2020
785,0.9334461206993797,0.76129647910018,0.9094723242092458,0.8834985968448729,2020
786,0.9260951725888326,0.7157210290924886,0.8902955809002433,0.855105472392638,2020
787,0.9081594075954129,0.7067882615499017,0.871865998783455,0.864566574057844,2020
788,0.8980259680391052,0.664069222711118,0.9046340510948906,0.883556791411043,2020
789,0.8970107057717617,0.7041424523836611,0.8743582268856449,0.8772423558282209,2020
790,0.8863508537319045,0.8214155628740344,0.8439953886861313,0.8645422304995618,2020
791,0.8853355912765559,0.6957833750728397,0.8731094300486618,0.8961454382120946,2020
792,0.8835870987027636,0.7004599468451934,0.8985074622871047,0.8962381104294479,2020
793,0.872626478097387,0.6805026661025005,0.8867670152068128,0.8551271516213848,2020
794,0.8658770673058848,0.650249090028016,0.8535625145985402,0.8834819851007888,2020
795,0.8645233839067497,0.5244417937124599,0.8362856514598541,0.8235191375985977,2020
796,0.8593156480541457,0.7734195622683698,0.8945233777372263,0.855101397896582,2020
797,0.8559503557059599,0.7024848466112503,0.8324475328467154,0.8519849263803682,2020
798,0.8303440479413425,0.7344515939417207,0.8544931301703164,0.7288501411042945,2020
799,0.8249483203609701,0.6480353809403874,0.8547972445255475,0.7840179228746713,2020
800,0.8160368712163941,0.6926804231407339,0.8507771216545013,0.8456627072743208,2020
801,0.8023688841887574,0.7649736317502156,0.7610529154501217,0.690459630148992,2020
802,0.798984765745441,0.6695190628894503,0.8777110243309003,0.8519211428571428,2020
803,0.7784921532242904,0.6778664791995582,0.8873717627737228,0.9024664566170025,2020
804,0.7411167800338411,0.5475765814216176,0.7459449507299271,0.7288352532865907,2020
805,0.7393118988531681,0.7095867488426079,0.8258884841849149,0.7698843085013147,2020
806,0.7364354564767814,0.5724931053604279,0.8668376727493918,0.7510332033304119,2020
807,0.7301184175596918,0.7132526226883776,0.7968066380778589,0.6659229947414549,2020
808,0.7290655925925926,0.6577709213856474,0.8644155632603406,0.9214225092024539,2020
809,0.7286896093250612,0.40294501691316165,0.7142743637469586,0.6187139219982472,2020
810,0.7265275709719874,0.6609037589418146,0.8195231143552312,0.8961480508326031,2020
811,0.7245910868584321,0.8122770998759062,0.8488180717761558,0.9972079605609114,2020
812,0.7243090545215268,0.5092459628223558,0.8293577354014599,0.6714452787028922,2020
813,0.7220154130475654,0.6460736932595652,0.8909231697080292,0.8173076652059597,2020
814,0.7191765331829293,0.40033897007555225,0.6991469659367398,0.6597107905346188,2020
815,0.7148336305696561,0.4492713049389359,0.7201720328467154,0.5895785863277827,2020
816,0.7109983143448018,0.5867478868111813,0.8370737816301703,0.7699794355828221,2020
817,0.7064485939086296,0.638689119604444,0.8663815012165451,0.7479975977212971,2020
818,0.7021244277119761,0.3723892063021872,0.8722749647201947,0.6281364706397896,2020
819,0.6966534854295922,0.5863869009298167,0.8049190334549878,0.7793697002629272,2020
820,0.6964279313780787,0.6931345072659353,0.8000752493917275,0.7351764872918493,2020
821,0.6942094149276181,0.6380059544119561,0.8715728339416058,0.697126365468887,2020
822,0.6897724715172026,0.6241516667299267,0.856037847323601,0.5774132839614373,2020
823,0.6887196467381087,0.6250003187080185,0.797080152676399,0.7607699176161261,2020
824,0.6844143961270918,0.4983006246900339,0.8117098296836984,0.7099212524101665,2020
825,0.6835871253995114,0.6482903973775399,0.6990089756690998,0.8993204180543383,2020
826,0.6794698665162625,0.3314328189940655,0.7730004562043795,0.7038503549517966,2020
827,0.6769505813122768,0.5989000276002191,0.7265438564476886,0.6943863803680982,2020
828,0.6728896211693929,0.761631275170407,0.7571653436739659,0.6805161551270815,2020
829,0.6727391921413801,0.5739168502045217,0.8489457652068126,0.6690529439088518,2020
830,0.6645797992103779,0.6000720696236361,0.8839827822384428,0.6124355311130587,2020
831,0.6577928259071254,0.6374081125719283,0.8839613911192215,0.7384881752848379,2020
832,0.6548223429216019,0.414333383269802,0.7575314555961071,0.5277734276950043,2020
833,0.6537695179545029,0.6223692927934735,0.8655774914841851,0.7070936625766872,2020
834,0.653468659710472,0.5382979293009511,0.8196590736009733,0.6957544662576687,2020
835,0.6489377653694304,0.5497565177067667,0.8348805918491484,0.7447622304995618,2020
836,0.6448956313216772,0.32006337804335083,0.7218151484184916,0.6941191779141105,2020
837,0.6442940043241212,0.6101220791680418,0.8603398959854015,0.6817725013146363,2020
838,0.6396315070501974,0.4561680852766941,0.7427175261557177,0.7351776888694128,2020
839,0.636943056213574,0.6247713648613678,0.8147994823600974,0.8582956012269939,2020
840,0.6329761368678324,0.416438254568968,0.856623597323601,0.6910027063978966,2020
841,0.6297047954502727,0.6656636158637534,0.6895137092457422,0.8961810657318142,2020
842,0.6294040266967476,0.6771153220608048,0.8104249945255474,0.9402991595092024,2020
843,0.6154916595224668,0.49100172558047245,0.7350401289537714,0.7225628177037686,2020
844,0.6119947640533936,0.528223195655422,0.8074507080291972,0.726032685363716,2020
845,0.6062229635269789,0.39073645003036567,0.6948604343065694,0.5805834040315513,2020
846,0.5960330456852794,0.32970429092444214,0.5310094774939172,0.4118608606485539,2020
847,0.5958074916337659,0.48001245142740057,0.8322369586374696,0.644933957931639,2020
848,0.5952622530550857,0.5255558487838982,0.8083265772506083,0.650220592462752,2020
849,0.5924233731904494,0.49091955601688286,0.7323519014598541,0.7133463514460999,2020
850,0.5799022515510435,0.3784101885577856,0.7526229914841849,0.6251528948290973,2020
851,0.570163531678887,0.2538397082781831,0.7411056624087592,0.5964897475898334,2020
852,0.5683587403647303,0.5399661125605095,0.7698649038929442,0.7353452191060473,2020
853,0.5683399142695996,0.6024269235921931,0.8385913071776155,0.5963592550394391,2020
854,0.5674939071253995,0.2743160059171382,0.8157157402676399,0.5965345162138475,2020
855,0.5671930486933635,0.5446189796004475,0.8437587104622871,0.6595868273444347,2020
856,0.5663658676442941,0.6482903973775399,0.7196405942822385,0.8993204180543383,2020
857,0.5625117251363039,0.6029991486484847,0.7110544799270073,0.8583976757230499,2020
858,0.5616468918969731,0.7359265076738877,0.7564381234793187,0.9961705994741454,2020
859,0.5605753307012596,0.5928183814138851,0.7976063704379562,0.7892862208588957,2020
860,0.5575860216206054,0.5462542822055984,0.7276664829683699,0.5395500727432077,2020
861,0.55145706392179,0.4836911333977682,0.8874273795620439,0.5396916406660823,2020
862,0.5379395059221659,0.6245686644361725,0.7141133150851582,0.6910708781770376,2020
863,0.5321488793006205,0.3838494512489705,0.7622109276155719,0.7179088492550394,2020
864,0.5193833775145704,0.47666082324285297,0.7024336326034063,0.5350017843996494,2020
865,0.509550706711788,0.2870987093730057,0.4864521052311436,0.13579536634531114,2020
866,0.5062981913893589,0.19577262226580983,0.2143725279805353,0.2875223067484663,2020
867,0.5028388584320361,0.5013264413608521,0.8529729939172749,0.8014369491673969,2020
868,0.5022372314344803,0.3386938031469172,0.4608491551094891,0.40149090622261174,2020
869,0.4966723382214703,0.5293408513915774,0.718134453163017,0.6407835731814198,2020
870,0.4957322904681331,0.4999942012954049,0.7196919324817519,0.7037634811568799,2020
871,0.4935137738296672,0.3078218032855115,0.5878150608272507,0.37875745398773003,2020
872,0.491483338785486,0.23736290189345197,0.6695798716545013,0.5862220771253286,2020
873,0.4904681660086484,0.6025175998330854,0.7281990091240876,0.6847811516213848,2020
874,0.488982879676631,0.5294802119763615,0.6886135486618006,0.7600775942156003,2020
875,0.48808048392555003,0.5393318856186445,0.9187815979318735,0.5367642743207712,2020
876,0.48477157999623993,0.5594258505019054,0.888429998783455,0.681662486415425,2020
877,0.4835119373942471,0.40551423177308704,0.39246257785888083,0.6530209658194566,2020
878,0.48165066779469834,0.269385979100393,0.5472788625304136,0.23680065994741456,2020
879,0.4756908757285204,0.41172373630201586,0.8202839799270073,0.6722397283085013,2020
880,0.4666478234630571,0.5045292459903825,0.6952576538929441,0.6533028475021911,2020
881,0.46207936679827033,0.26944144943576137,0.5806529318734793,0.4543312068361087,2020
882,0.45615713705583755,0.20847492388347666,0.45703525547445256,0.29242352147239264,2020
883,0.44869332224102276,0.057906948373418046,0.4281022761557178,0.26188987992988605,2020
884,0.44474522899041186,0.3820327950929541,0.6006033388077859,0.4262736914986854,2020
885,0.44363601541643166,0.484642760858807,0.5051605310218978,0.7417437589833479,2020
886,0.4371874630569656,0.29112942474066944,0.651718998783455,0.5152535793163892,2020
887,0.4342545423951872,0.29728804742976633,0.5284675066909976,0.6090626704645048,2020
888,0.4335965269787555,0.5281497241346291,0.672991186131387,0.4579972322524102,2020
889,0.4307388210189886,0.4822305891829602,0.7658675492700731,0.3567345039439088,2020
890,0.4252303164128595,0.5249287584920689,0.6152473369829684,0.46393575635407536,2020
891,0.42272985730400453,0.47533078174242677,0.7253609002433091,0.6912104609991236,2020
892,0.4222034448204551,0.1616812015838499,0.5653198905109489,0.27417517528483787,2020
893,0.41880050028200805,0.1373718547001241,0.5369091776155719,0.30959498773006133,2020
894,0.414796018424516,0.18840555588070354,0.5919353588807786,0.20594348992112183,2020
895,0.4138184081594286,0.34526069396157427,0.6001933935523115,0.1470954741454864,2020
896,0.4049256954314721,0.4320489808175844,0.6293046794403894,0.679980078878177,2020
897,0.40413607670614776,0.4528616679919569,0.44476514598540146,0.6088147449605609,2020
898,0.40409851438240285,0.5502145526207041,0.5390943911192214,0.6564889009640665,2020
899,0.39676630250046996,0.4197100705134716,0.6935027974452556,0.6815291200701139,2020
900,0.394923858996052,0.09554449674497646,0.5810236484184915,0.2841574390885188,2020
901,0.38729087854859945,0.2546622500916697,0.5505339142335767,0.47003747502191057,2020
902,0.3850536256815192,0.44905783566109897,0.7577482658150851,0.35659173531989485,2020
903,0.3830983154728333,0.41717389506647823,0.8037204872262774,0.6123351279579317,2020
904,0.3825719029892837,0.09306510606840789,0.5600571344282238,0.3438074268185802,2020
905,0.381613118819327,0.3142131713169301,0.7267369549878346,0.5379724566170027,2020
906,0.35890207933822155,0.16695700072517247,0.6401018211678833,0.33156149342681857,2020
907,0.3571535867644295,0.16158490144249882,0.4495853272506083,0.09530595968448728,2020
908,0.35141943842827605,0.467585381499006,0.5305156362530414,0.6846246441717792,2020
909,0.34811053468697123,0.2884834247434753,0.6772041173965938,0.3726422576687117,2020
910,0.3391615230306449,0.4800103800830153,0.726849203163017,0.6941601332164768,2020
911,0.33615338785485993,0.03340208154685256,0.5067244641119222,0.24295534969325153,2020
912,0.3356082391426961,0.44235349631297805,0.6477099701946473,0.18894463453111307,2020
913,0.33558941304756534,0.362467055634917,0.667991646593674,0.434218296231376,2020
914,0.33194208836247413,0.22216613074663197,0.43992263138686133,0.38333332515337426,2020
915,0.3128783735664599,0.14331899927469638,0.33310392883211676,0.3003778948290973,2020
916,0.31269038202669674,0.16844741506236788,0.6089436021897812,0.4240545547765118,2020
917,0.30881741361158116,0.13072359078720228,0.5010306253041362,0.43875287204206836,2020
918,0.3061477888700884,0.467845303948744,0.5976517852798054,0.5231475118317266,2020
919,0.2638465775521715,0.12858926416906644,0.4549786776155718,0.17875018930762487,2020
920,0.23543899717992106,0.0,0.24548374148418495,0.25873166958808064,2020
921,0.23244968809926683,0.2869593808606507,0.545034842457421,0.3186619982471516,2020
922,0.22519269091934574,0.1522020796754386,0.39335240571776153,0.3281040578439965,2020
923,0.21240836303816504,0.2431831754217079,0.6623722773722628,0.08846170990359334,2020
924,0.19746190731340477,0.39052253494576294,0.39184833090024335,0.4737687467134093,2020
925,0.1908253632261703,0.09436495886031669,0.3226083272506083,0.39102830587204207,2020
926,0.1888324905057342,0.20991499787035295,0.7162269592457421,0.3637161875547765,2020
927,0.1797142237262643,0.5332303261955659,0.6603982907542579,0.4330427107800175,2020
928,0.1792066373378455,0.24437219926184164,0.53082399270073,0.3879735801928133,2020
929,0.17915020398571163,0.021954690695148913,0.0,0.0,2020
930,0.14839254878736605,0.1834771064929341,0.3180512907542579,0.5016505565293602,2020
931,0.14592969693551416,0.2274811988357166,0.6373693619221412,0.3286920341805434,2020
932,0.055198361346117684,0.154526553569984,0.336544103406326,0.1830052874671341,2020
933,0.008253433916149603,0.16073945136192133,0.21680890450121654,0.23317399737072744,2020
934,1.0,0.7729455435248042,0.672749391727494,0.64943032427695,2021
935,0.9582628313592781,0.8028798107705781,0.6739659367396594,0.6687116564417178,2021
936,0.9490505734160558,0.8370904019086054,0.6563260340632604,0.7151621384750219,2021
937,0.9458544839255502,0.7921890010399446,0.7128953771289538,0.6765994741454864,2021
938,0.9289340101522846,0.8023452702840463,0.6563260340632604,0.6599474145486416,2021
939,0.9153976311336719,0.8247959707183768,0.6739659367396594,0.6853637160385627,2021
940,0.9099454784733974,0.7900508390938179,0.6459854014598541,0.6687116564417178,2021
941,0.902613273171649,0.9359803919169655,0.6100973236009732,0.6660823838737949,2021
942,0.8937770257567212,0.7483566811443471,0.6654501216545013,0.6879929886064856,2021
943,0.8920849783793946,0.7975344059052614,0.6459854014598541,0.6853637160385627,2021
944,0.8761045309268661,0.776687326930526,0.6545012165450123,0.7020157756354075,2021
945,0.8712163940590338,0.7355277094675868,0.6532846715328468,0.6906222611744084,2021
946,0.870840383530739,0.7911199200668813,0.604014598540146,0.663453111305872,2021
947,0.8610641097950744,0.7734800840113359,0.6350364963503651,0.6993865030674847,2021
948,0.8576800150404211,0.8787845598580761,0.6642335766423358,0.6599474145486416,2021
949,0.8546719308140628,0.6061689117269211,0.5875912408759124,0.6327782646801051,2021
950,0.853731904493326,0.7606511123345757,0.6459854014598541,0.663453111305872,2021
951,0.8351193833427337,0.7323204665483969,0.6630170316301705,0.6161262050832602,2021
952,0.83248730964467,0.81945056585306,0.6265206812652069,0.544259421560035,2021
953,0.8104906937394248,0.7820327317958428,0.6070559610705596,0.6546888694127958,2021
954,0.7834179357021998,0.7595820313615124,0.6575425790754258,0.7046450482033304,2021
955,0.7753337093438619,0.7531675455231323,0.5468369829683699,0.5801928133216477,2021
956,0.766873472457229,0.7542366264961956,0.6417274939172749,0.6546888694127958,2021
957,0.7634893777025757,0.7911199200668813,0.597323600973236,0.5828220858895706,2021
958,0.7591652566271857,0.831210456556757,0.5231143552311436,0.5205959684487291,2021
959,0.7465689039293101,0.7670655981729558,0.586374695863747,0.5004382120946538,2021
960,0.7460048881368678,0.7349931689810552,0.6429440389294404,0.7239263803680981,2021
961,0.7445008460236887,0.7446148977386253,0.5717761557177615,0.6993865030674847,2021
962,0.7403647302124461,0.7269750616830801,0.6648418491484185,0.6327782646801051,2021
963,0.7354765933446137,0.4516867111192666,0.4805352798053528,0.45486415425065735,2021
964,0.7347245722880241,0.6222051263228714,0.6338199513381996,0.5687992988606486,2021
965,0.7245722880240647,0.9060461246711917,0.6198296836982968,0.7861524978089396,2021
966,0.7236322617033277,0.5008644358801809,0.49087591240875916,0.4233128834355828,2021
967,0.7159240458732846,0.6970407944373062,0.648418491484185,0.5723049956178791,2021
968,0.7157360406091372,0.5495076201545634,0.5742092457420924,0.5004382120946538,2021
969,0.713291972175221,0.6018925878346677,0.5048661800486618,0.5556529360210342,2021
970,0.7117879300620419,0.47627557349972377,0.5669099756690998,0.5249780893952672,2021
971,0.7016356457980825,0.7216296568177634,0.6478102189781022,0.5363716038562664,2021
972,0.6956194773453658,0.7360622499541185,0.4653284671532847,0.7020157756354075,2021
973,0.6892272983643543,0.7184224138985733,0.6563260340632604,0.5609114811568799,2021
974,0.6875352509870277,0.6938335515181161,0.5936739659367397,0.5845749342681859,2021
975,0.6873472457228804,0.41106163414285923,0.6246958637469586,0.46275197195442597,2021
976,0.6860312088738485,0.6414485838380117,0.5754257907542579,0.5942156003505698,2021
977,0.6849031772889642,0.6997134968699645,0.597323600973236,0.5854513584574934,2021
978,0.6822711035909007,0.6574847984339621,0.6709245742092458,0.46187554776511835,2021
979,0.6800150404211318,0.6815391203278874,0.5060827250608273,0.5214723926380368,2021
980,0.6736228614401204,0.7809636508227794,0.5212895377128954,0.5083260297984223,2021
981,0.6683587140439934,0.5885290756713758,0.562043795620438,0.5556529360210342,2021
982,0.6651626245534876,0.4516867111192666,0.41058394160583944,0.495179666958808,2021
983,0.662906561383719,0.6296886931343149,0.6058394160583942,0.5030674846625767,2021
984,0.6597104718932131,0.6868845251932043,0.6368613138686131,0.5144609991235758,2021
985,0.6559503666102651,0.5457658367488416,0.52676399026764,0.5390008764241893,2021
986,0.6521902613273173,0.6954371729777111,0.6587591240875913,0.5390008764241893,2021
987,0.6508742244782856,0.5917363185905659,0.5821167883211679,0.5223488168273444,2021
988,0.6484301560443694,0.3704365571664518,0.5498783454987834,0.5293602103418054,2021
989,0.6424139875916527,0.7424767357924986,0.5772506082725061,0.7344434706397897,2021
990,0.6403459296860313,0.621136045349808,0.5961070559610706,0.5661700262927257,2021
991,0.6403459296860313,0.707197063681408,0.5711678832116789,0.6660823838737949,2021
992,0.6384658770445573,0.37578196203176856,0.4787104622871047,0.5197195442594216,2021
993,0.6315096822711036,0.6687101486511272,0.6319951338199513,0.6161262050832602,2021
994,0.6311336717428089,0.45596303501152,0.5036496350364964,0.37335670464504817,2021
995,0.6245534874976499,0.7499603026039421,0.46107055961070564,0.7020157756354075,2021
996,0.623613461176913,0.527056919720233,0.5066909975669099,0.5460122699386503,2021
997,0.6185373190449333,0.5516457821006902,0.5590024330900244,0.5416301489921121,2021
998,0.6097010716300058,0.5265223792337014,0.5401459854014599,0.4750219106047327,2021
999,0.609325061101711,0.4997953549071176,0.49026763990267647,0.5609114811568799,2021
1000,0.605564955818763,0.35546942354356487,0.5906326034063261,0.43908851884312006,2021
1001,0.6016168452716677,0.6804700393548241,0.49330900243309006,0.6660823838737949,2021
1002,0.600300808422636,0.4500830896596716,0.475669099756691,0.42594215600350566,2021
1003,0.5929686031208874,0.5163661099895995,0.6478102189781022,0.3873794916739702,2021
1004,0.5884564767813498,0.525453298260638,0.5900243309002433,0.4811568799298861,2021
1005,0.5749200977627376,0.6173942619440864,0.5419708029197081,0.558282208588957,2021
1006,0.5681519082534312,0.5912017781040343,0.5346715328467153,0.4864154250657319,2021
1007,0.5664598608761046,0.7360622499541185,0.49026763990267647,0.7020157756354075,2021
1008,0.5660838503478097,0.6008235068616045,0.6125304136253041,0.49079754601227,2021
1009,0.5553675502914083,0.6633647437858106,0.6034063260340633,0.44785276073619634,2021
1010,0.5553675502914083,0.8151742419608066,0.5115571776155717,0.782646801051709,2021
1011,0.5532994923857869,0.27154656715809167,0.544403892944039,0.43645924627519717,2021
1012,0.54295920285768,0.4367195774963797,0.531021897810219,0.5398773006134969,2021
1013,0.5427711975935328,0.5580602679390703,0.49939172749391725,0.38124452234881684,2021
1014,0.5378830607257005,0.6729864725433806,0.4847931873479319,0.5144609991235758,2021
1015,0.5305508554239519,0.5099516241512193,0.4781021897810219,0.37949167397020156,2021
1016,0.5299868396315097,0.27689197202340843,0.23844282238442824,0.26906222611744085,2021
1017,0.5294228238390677,0.5671474562101088,0.47749391727493923,0.5828220858895706,2021
1018,0.5232186501222035,0.35760758548969157,0.24878345498783455,0.04557405784399649,2021
1019,0.5188945290468134,0.5324023245855498,0.46107055961070564,0.5127081507449606,2021
1020,0.5162624553487498,0.2774265125099401,0.42700729927007297,0.43470639789658194,2021
1021,0.5156984395563077,0.63129231459391,0.6417274939172749,0.5109553023663452,2021
1022,0.5029140815942847,0.5960126424828193,0.6173965936739659,0.6108676599474145,2021
1023,0.49783793946230503,0.5479039986949683,0.5115571776155717,0.4741454864154251,2021
1024,0.4923857868020306,0.2902554841867004,0.33819951338199516,0.13935144609991235,2021
1025,0.4905057341605565,0.27689197202340843,0.3394160583941606,0.31288343558282206,2021
1026,0.4876856551983456,0.5388168104239299,0.3217761557177616,0.5661700262927257,2021
1027,0.48467757097198727,0.5708892396158305,0.4695863746958638,0.46888694127957936,2021
1028,0.4822335025380711,0.36348753084154006,0.36192214111922144,0.25153374233128833,2021
1029,0.47960142884000756,0.0865955588181316,0.2445255474452555,0.14636283961437335,2021
1030,0.4780973867268284,0.5591293489121336,0.7128953771289538,0.38475021910604734,2021
1031,0.4752773077646175,0.19617635855712526,0.31082725060827254,0.18404907975460122,2021
1032,0.47414927617973307,0.27101202667156,0.03527980535279806,0.17177914110429449,2021
1033,0.4713291972175222,0.43190871311759466,0.3637469586374696,0.2892199824715162,2021
1034,0.4703891708967852,0.3394332089476146,0.31630170316301703,0.4504820333041192,2021
1035,0.46268095506674195,0.22450700434330412,0.24270072992700734,0.18054338299737072,2021
1036,0.45741680767061493,0.5169006504761312,0.544403892944039,0.2322524101665206,2021
1037,0.45591276555743576,0.6735210130299124,0.4920924574209246,0.5170902716914987,2021
1038,0.45328069185937214,0.34050228992067794,0.2572992700729927,0.2822085889570552,2021
1039,0.4502726076330138,0.4233560653330878,0.1332116788321168,0.4890446976336547,2021
1040,0.44538447076518156,0.45542849452498835,0.5456204379562044,0.5030674846625767,2021
1041,0.4451964655010341,0.5505767011276268,0.28588807785888076,0.43645924627519717,2021
1042,0.4444444444444444,0.5056753002589659,0.4653284671532847,0.483786152497809,2021
1043,0.44218838127467575,0.5233151363145113,0.5827250608272506,0.45311130587204207,2021
1044,0.4382402707275804,0.4864318427438256,0.3880778588807786,0.3339176161262051,2021
1045,0.4378642601992857,0.5543184845333485,0.4300486618004866,0.31726555652936017,2021
1046,0.4344801654446324,0.19457273709753023,0.2871046228710462,0.15687992988606483,2021
1047,0.4337281443880429,0.3223279133786009,0.4136253041362531,0.37335670464504817,2021
1048,0.42695995487873656,0.09782090903529679,0.3856447688564477,0.17177914110429449,2021
1049,0.42037977063357784,0.3544003425705015,0.38017031630170317,0.044697633654688866,2021
1050,0.4136115811242715,0.2068671682877588,0.3588807785888078,0.09640666082383874,2021
1051,0.41323557059597676,0.5505767011276268,0.3388077858880779,0.4916739702015776,2021
1052,0.3972551231434481,0.19457273709753023,0.4367396593673966,0.21034180543382996,2021
1053,0.3951870652378267,0.12187523092922224,0.35279805352798055,0.22173531989482909,2021
1054,0.3918029704831736,0.3223279133786009,0.30900243309002434,0.3374233128834356,2021
1055,0.3897349125775522,0.4912427071226107,0.31326034063260344,0.5170902716914987,2021
1056,0.3874788494077834,0.5585948084256019,0.5279805352798054,0.5214723926380368,2021
1057,0.3855987967663095,0.4714647091209387,0.4872262773722628,0.22962313759859773,2021
1058,0.374882496709908,0.345313154299463,0.4981751824817518,0.38036809815950917,2021
1059,0.3577740176724949,0.35600396403009654,0.43369829683698297,0.2988606485539001,2021
1060,0.3519458544839255,0.4757410330131921,0.41666666666666674,0.5109553023663452,2021
1061,0.3444256439180298,0.1363078240655775,0.21472019464720193,0.0,2021
1062,0.3387854859936079,0.5291950816663598,0.49878345498783455,0.5197195442594216,2021
1063,0.3355893965031021,0.4538248730653933,0.4215328467153285,0.06485539000876424,2021
1064,0.33201729648430156,0.26085575742745815,0.2232360097323601,0.24452234881682736,2021
1065,0.3308892648994173,0.5099516241512193,0.39355231143552316,0.37335670464504817,2021
1066,0.3293852227862381,0.1977799800167203,0.4130170316301704,0.29009640666082387,2021
1067,0.3203609701071631,0.35600396403009654,0.4555961070559611,0.2392638036809816,2021
1068,0.31678887008836254,0.14218776941742595,0.30596107055961075,0.2988606485539001,2021
1069,0.2978003384094755,0.13577328357904583,0.14537712895377128,0.17791411042944785,2021
1070,0.2914081594284641,0.2822373768887252,0.33576642335766427,0.20245398773006135,2021
1071,0.24929498025944732,0.14913679574233776,0.22931873479318737,0.0876424189307625,2021
1072,0.2436548223350254,0.3960945005199723,0.19221411192214113,0.33567046450482035,2021
1073,0.23538259071253995,0.0,0.037712895377128956,0.13584574934268184,2021
1074,0.2133859748072946,0.17586382006892157,0.5054744525547445,0.238387379491674,2021
1075,0.2068057905621358,0.23145603066821593,0.3284671532846716,0.26292725679228746,2021
1076,0.20530174844895663,0.15715490304031288,0.10523114355231143,0.19894829097283084,2021
1077,0.20248166948674565,0.060403074978079445,0.10218978102189782,0.2611744084136722,2021
1078,0.1859372062417748,0.2410777594257861,0.44464720194647206,0.006134969325153374,2021
1079,0.17747696935514196,0.5874599946983124,0.44038929440389296,0.2979842243645925,2021
1080,0.16770069561947737,0.19457273709753023,0.12287104622871048,0.3567046450482033,2021
1081,0.11693927429968039,0.24428500234497616,0.3947688564476886,0.21297107800175283,2021
1082,0.0,0.1977799800167203,0.0,0.11042944785276074,2021
